seqnum;now;rtptime;deadline
0;4794709000;4452844444;4652844444
1;4794717000;4452844444;4652844444
2;4794718000;4452844444;4652844444
3;4794719000;4452844444;4652844444
4;4794721000;4452844444;4652844444
5;4794722000;4452844444;4652844444
6;4794724000;4452844444;4652844444
7;4794726000;4452844444;4652844444
8;4794727000;4452844444;4652844444
9;4794728000;4452844444;4652844444
10;4795347000;4452844444;4652844444
11;4795353000;4484466666;4684466666
12;4795354000;4484466666;4684466666
13;4795356000;4484466666;4684466666
14;4795357000;4484466666;4684466666
15;4795358000;4484466666;4684466666
16;4795360000;4484466666;4684466666
17;4795361000;4484466666;4684466666
18;4795362000;4484466666;4684466666
19;4795363000;4484466666;4684466666
20;4795365000;4484466666;4684466666
21;4825684000;4484466666;4684466666
22;4825696000;4526188888;4726188888
23;4825697000;4526188888;4726188888
24;4825699000;4526188888;4726188888
25;4825700000;4526188888;4726188888
26;4825701000;4526188888;4726188888
27;4825702000;4526188888;4726188888
28;4825703000;4526188888;4726188888
29;4825704000;4526188888;4726188888
30;4825705000;4526188888;4726188888
31;4825706000;4526188888;4726188888
32;4867429000;4526188888;4726188888
33;4867435000;4567766666;4767766666
34;4867436000;4567766666;4767766666
35;4867437000;4567766666;4767766666
36;4867438000;4567766666;4767766666
37;4867439000;4567766666;4767766666
38;4867440000;4567766666;4767766666
39;4867441000;4567766666;4767766666
40;4867442000;4567766666;4767766666
41;4867442000;4567766666;4767766666
42;4867443000;4567766666;4767766666
43;4908964000;4567766666;4767766666
44;4908987000;4609433333;4809433333
45;4908988000;4609433333;4809433333
46;4908990000;4609433333;4809433333
47;4908991000;4609433333;4809433333
48;4908992000;4609433333;4809433333
49;4908994000;4609433333;4809433333
50;4908995000;4609433333;4809433333
51;4908997000;4609433333;4809433333
54;4950609000;4609433333;4809433333
55;4950615000;4651166666;4851166666
56;4950616000;4651166666;4851166666
57;4950617000;4651166666;4851166666
58;4950618000;4651166666;4851166666
59;4950620000;4651166666;4851166666
60;4950621000;4651166666;4851166666
61;4950622000;4651166666;4851166666
62;4950623000;4651166666;4851166666
63;4950625000;4651166666;4851166666
64;4950626000;4651166666;4851166666
65;4992422000;4651166666;4851166666
75;4992428000;4692733333;4892733333
76;5033987000;4692733333;4892733333
99;5033992000;4817733333;5017733333
100;5033993000;4817733333;5017733333
101;5033994000;4817733333;5017733333
102;5033995000;4817733333;5017733333
103;5033996000;4817733333;5017733333
104;5033997000;4817733333;5017733333
105;5033998000;4817733333;5017733333
106;5033999000;4817733333;5017733333
107;5034000000;4817733333;5017733333
108;5034001000;4817733333;5017733333
109;5159397000;4817733333;5017733333
129;5159403000;4901066666;5101066666
130;5159404000;4901066666;5101066666
131;5242499000;4901066666;5101066666
151;5242505000;4984433333;5184433333
152;5242507000;4984433333;5184433333
153;5325883000;4984433333;5184433333
172;5325888000;5067811111;5267811111
173;5325889000;5067811111;5267811111
174;5325890000;5067811111;5267811111
175;5409304000;5067811111;5267811111
195;5409310000;5151100000;5351100000
201;5534250000;5192733333;5392733333
223;5617576000;5276166666;5476166666
241;5659115000;5317744444;5517744444
248;5659130000;5359411111;5559411111
249;5659132000;5359411111;5559411111
250;5659133000;5359411111;5559411111
251;5659133000;5359411111;5559411111
252;5700664000;5359411111;5559411111
257;5700670000;5401122222;5601122222
258;5700671000;5401122222;5601122222
259;5700672000;5401122222;5601122222
260;5700673000;5401122222;5601122222
261;5700674000;5401122222;5601122222
262;5700674000;5401122222;5601122222
263;5742361000;5401122222;5601122222
266;5757841000;5442744444;5642744444
267;5757852000;5442744444;5642744444
268;5757853000;5442744444;5642744444
269;5757854000;5442744444;5642744444
270;5757855000;5442744444;5642744444
271;5757856000;5442744444;5642744444
272;5757857000;5442744444;5642744444
273;5757858000;5442744444;5642744444
274;5783919000;5442744444;5642744444
275;5783925000;5484422222;5684422222
276;5783939000;5484422222;5684422222
277;5783940000;5484422222;5684422222
278;5783941000;5484422222;5684422222
279;5783942000;5484422222;5684422222
280;5783943000;5484422222;5684422222
281;5783944000;5484422222;5684422222
282;5783945000;5484422222;5684422222
283;5783946000;5484422222;5684422222
284;5783946000;5484422222;5684422222
285;5825676000;5484422222;5684422222
287;5840135000;5526111111;5726111111
288;5840148000;5526111111;5726111111
289;5840149000;5526111111;5726111111
290;5840150000;5526111111;5726111111
291;5840151000;5526111111;5726111111
292;5840152000;5526111111;5726111111
293;5840153000;5526111111;5726111111
294;5840154000;5526111111;5726111111
295;5840155000;5526111111;5726111111
296;5867290000;5526111111;5726111111
297;5867295000;5567700000;5767700000
298;5867296000;5567700000;5767700000
299;5867297000;5567700000;5767700000
300;5867298000;5567700000;5767700000
301;5867299000;5567700000;5767700000
302;5867300000;5567700000;5767700000
303;5867301000;5567700000;5767700000
304;5867302000;5567700000;5767700000
305;5867303000;5567700000;5767700000
306;5867304000;5567700000;5767700000
307;5908955000;5567700000;5767700000
308;5908960000;5609388888;5809388888
309;5908961000;5609388888;5809388888
310;5908962000;5609388888;5809388888
311;5908963000;5609388888;5809388888
312;5908964000;5609388888;5809388888
313;5908965000;5609388888;5809388888
314;5908966000;5609388888;5809388888
315;5908967000;5609388888;5809388888
316;5908968000;5609388888;5809388888
317;5908969000;5609388888;5809388888
318;5950576000;5609388888;5809388888
319;5950582000;5651066666;5851066666
320;5950583000;5651066666;5851066666
321;5950584000;5651066666;5851066666
322;5950585000;5651066666;5851066666
323;5950586000;5651066666;5851066666
324;5950587000;5651066666;5851066666
325;5950588000;5651066666;5851066666
326;5950588000;5651066666;5851066666
327;5950589000;5651066666;5851066666
328;5950590000;5651066666;5851066666
329;5992233000;5651066666;5851066666
330;5992238000;5692711111;5892711111
331;5992239000;5692711111;5892711111
332;5992240000;5692711111;5892711111
333;5992241000;5692711111;5892711111
334;5992242000;5692711111;5892711111
335;5992243000;5692711111;5892711111
336;5992244000;5692711111;5892711111
337;5992245000;5692711111;5892711111
338;5992246000;5692711111;5892711111
339;5992247000;5692711111;5892711111
340;6033967000;5692711111;5892711111
341;6033973000;5734388888;5934388888
342;6033974000;5734388888;5934388888
343;6033975000;5734388888;5934388888
344;6033976000;5734388888;5934388888
345;6033977000;5734388888;5934388888
346;6033978000;5734388888;5934388888
347;6033978000;5734388888;5934388888
348;6033979000;5734388888;5934388888
349;6033980000;5734388888;5934388888
350;6033981000;5734388888;5934388888
351;6075643000;5734388888;5934388888
352;6075648000;5776066666;5976066666
353;6075650000;5776066666;5976066666
354;6075650000;5776066666;5976066666
355;6075651000;5776066666;5976066666
356;6075652000;5776066666;5976066666
357;6075653000;5776066666;5976066666
358;6075654000;5776066666;5976066666
359;6075655000;5776066666;5976066666
360;6075656000;5776066666;5976066666
361;6075657000;5776066666;5976066666
362;6118861000;5776066666;5976066666
363;6118886000;5817711111;6017711111
364;6118888000;5817711111;6017711111
365;6118890000;5817711111;6017711111
366;6118891000;5817711111;6017711111
367;6118892000;5817711111;6017711111
368;6118894000;5817711111;6017711111
370;6159466000;5817711111;6017711111
371;6159469000;5817711111;6017711111
372;6159471000;5817711111;6017711111
373;6159634000;5817711111;6017711111
374;6159641000;5859388888;6059388888
375;6159642000;5859388888;6059388888
376;6159644000;5859388888;6059388888
377;6159645000;5859388888;6059388888
378;6159646000;5859388888;6059388888
379;6159648000;5859388888;6059388888
380;6159649000;5859388888;6059388888
381;6159651000;5859388888;6059388888
382;6159661000;5859388888;6059388888
383;6159663000;5859388888;6059388888
384;6200677000;5859388888;6059388888
385;6200692000;5901055555;6101055555
386;6200693000;5901055555;6101055555
387;6200704000;5901055555;6101055555
388;6200723000;5901055555;6101055555
389;6200724000;5901055555;6101055555
390;6200725000;5901055555;6101055555
391;6200727000;5901055555;6101055555
392;6200728000;5901055555;6101055555
393;6200730000;5901055555;6101055555
394;6200731000;5901055555;6101055555
395;6242351000;5901055555;6101055555
396;6242375000;5942700000;6142700000
397;6242377000;5942700000;6142700000
398;6242379000;5942700000;6142700000
399;6242380000;5942700000;6142700000
400;6242381000;5942700000;6142700000
401;6242383000;5942700000;6142700000
402;6242384000;5942700000;6142700000
403;6242386000;5942700000;6142700000
404;6242387000;5942700000;6142700000
405;6242388000;5942700000;6142700000
406;6284013000;5942700000;6142700000
407;6284038000;5984377777;6184377777
408;6284040000;5984377777;6184377777
409;6284041000;5984377777;6184377777
410;6284043000;5984377777;6184377777
411;6284044000;5984377777;6184377777
412;6284045000;5984377777;6184377777
413;6284047000;5984377777;6184377777
414;6284048000;5984377777;6184377777
415;6284050000;5984377777;6184377777
416;6284051000;5984377777;6184377777
417;6325681000;5984377777;6184377777
418;6325703000;6026088888;6226088888
419;6325705000;6026088888;6226088888
420;6325707000;6026088888;6226088888
421;6325708000;6026088888;6226088888
422;6325710000;6026088888;6226088888
423;6325711000;6026088888;6226088888
424;6325712000;6026088888;6226088888
425;6325714000;6026088888;6226088888
426;6325715000;6026088888;6226088888
427;6325717000;6026088888;6226088888
428;6367345000;6026088888;6226088888
429;6367351000;6067722222;6267722222
430;6367352000;6067722222;6267722222
431;6367354000;6067722222;6267722222
432;6367355000;6067722222;6267722222
433;6367356000;6067722222;6267722222
434;6367358000;6067722222;6267722222
435;6367359000;6067722222;6267722222
436;6367360000;6067722222;6267722222
437;6367361000;6067722222;6267722222
438;6367363000;6067722222;6267722222
439;6409018000;6067722222;6267722222
440;6409034000;6109400000;6309400000
441;6409036000;6109400000;6309400000
442;6409037000;6109400000;6309400000
443;6409039000;6109400000;6309400000
444;6409041000;6109400000;6309400000
445;6409043000;6109400000;6309400000
446;6409044000;6109400000;6309400000
447;6409045000;6109400000;6309400000
448;6409047000;6109400000;6309400000
449;6409048000;6109400000;6309400000
450;6450655000;6109400000;6309400000
451;6450671000;6151055555;6351055555
452;6450672000;6151055555;6351055555
453;6450673000;6151055555;6351055555
454;6450675000;6151055555;6351055555
455;6450676000;6151055555;6351055555
456;6450678000;6151055555;6351055555
457;6450679000;6151055555;6351055555
458;6450680000;6151055555;6351055555
459;6450682000;6151055555;6351055555
460;6450683000;6151055555;6351055555
461;6492312000;6151055555;6351055555
462;6492319000;6192700000;6392700000
463;6492320000;6192700000;6392700000
464;6492321000;6192700000;6392700000
465;6492322000;6192700000;6392700000
466;6492322000;6192700000;6392700000
467;6492323000;6192700000;6392700000
468;6492324000;6192700000;6392700000
469;6492325000;6192700000;6392700000
470;6492326000;6192700000;6392700000
471;6492327000;6192700000;6392700000
472;6533926000;6192700000;6392700000
473;6533932000;6234433333;6434433333
474;6533934000;6234433333;6434433333
475;6533935000;6234433333;6434433333
476;6533936000;6234433333;6434433333
477;6533936000;6234433333;6434433333
478;6533937000;6234433333;6434433333
479;6533938000;6234433333;6434433333
480;6533939000;6234433333;6434433333
481;6533940000;6234433333;6434433333
482;6533941000;6234433333;6434433333
483;6575600000;6234433333;6434433333
484;6575606000;6276100000;6476100000
485;6575607000;6276100000;6476100000
486;6575608000;6276100000;6476100000
487;6575609000;6276100000;6476100000
488;6575610000;6276100000;6476100000
489;6575611000;6276100000;6476100000
490;6575612000;6276100000;6476100000
491;6575613000;6276100000;6476100000
492;6575613000;6276100000;6476100000
493;6575614000;6276100000;6476100000
494;6617353000;6276100000;6476100000
495;6617359000;6317722222;6517722222
496;6617360000;6317722222;6517722222
497;6617361000;6317722222;6517722222
498;6617362000;6317722222;6517722222
499;6617378000;6317722222;6517722222
500;6617379000;6317722222;6517722222
501;6617380000;6317722222;6517722222
502;6617381000;6317722222;6517722222
503;6617382000;6317722222;6517722222
504;6617383000;6317722222;6517722222
505;6658962000;6317722222;6517722222
506;6658968000;6359366666;6559366666
507;6658969000;6359366666;6559366666
508;6658970000;6359366666;6559366666
509;6658970000;6359366666;6559366666
510;6658972000;6359366666;6559366666
511;6658972000;6359366666;6559366666
512;6658973000;6359366666;6559366666
513;6658974000;6359366666;6559366666
514;6658975000;6359366666;6559366666
515;6658976000;6359366666;6559366666
516;6700613000;6359366666;6559366666
517;6700619000;6401088888;6601088888
518;6700620000;6401088888;6601088888
519;6700621000;6401088888;6601088888
520;6700622000;6401088888;6601088888
521;6700623000;6401088888;6601088888
522;6700624000;6401088888;6601088888
523;6700625000;6401088888;6601088888
524;6700625000;6401088888;6601088888
525;6700626000;6401088888;6601088888
526;6700627000;6401088888;6601088888
527;6742323000;6401088888;6601088888
528;6742340000;6442733333;6642733333
529;6742341000;6442733333;6642733333
530;6742342000;6442733333;6642733333
531;6742343000;6442733333;6642733333
532;6742344000;6442733333;6642733333
533;6742345000;6442733333;6642733333
534;6742346000;6442733333;6642733333
535;6742347000;6442733333;6642733333
536;6742348000;6442733333;6642733333
537;6742349000;6442733333;6642733333
538;6783936000;6442733333;6642733333
539;6783942000;6484388888;6684388888
540;6783943000;6484388888;6684388888
541;6783944000;6484388888;6684388888
542;6783945000;6484388888;6684388888
543;6783946000;6484388888;6684388888
544;6783947000;6484388888;6684388888
545;6783948000;6484388888;6684388888
546;6783949000;6484388888;6684388888
547;6801726000;6484388888;6684388888
548;6801728000;6484388888;6684388888
549;6825552000;6484388888;6684388888
550;6825557000;6526088888;6726088888
551;6825568000;6526088888;6726088888
552;6825569000;6526088888;6726088888
553;6825570000;6526088888;6726088888
554;6825571000;6526088888;6726088888
555;6825572000;6526088888;6726088888
556;6825573000;6526088888;6726088888
557;6825573000;6526088888;6726088888
558;6825574000;6526088888;6726088888
559;6842821000;6526088888;6726088888
560;6867237000;6526088888;6726088888
561;6867242000;6567711111;6767711111
562;6867243000;6567711111;6767711111
563;6867244000;6567711111;6767711111
564;6867245000;6567711111;6767711111
565;6867246000;6567711111;6767711111
566;6867247000;6567711111;6767711111
567;6867248000;6567711111;6767711111
568;6867249000;6567711111;6767711111
569;6867250000;6567711111;6767711111
570;6867251000;6567711111;6767711111
571;6908949000;6567711111;6767711111
572;6908954000;6609377777;6809377777
573;6908955000;6609377777;6809377777
574;6908956000;6609377777;6809377777
575;6908957000;6609377777;6809377777
576;6908958000;6609377777;6809377777
577;6908959000;6609377777;6809377777
578;6916486000;6609377777;6809377777
579;6923810000;6609377777;6809377777
580;6923978000;6609377777;6809377777
581;6923980000;6609377777;6809377777
582;6950528000;6609377777;6809377777
583;6950543000;6651088888;6851088888
584;6950545000;6651088888;6851088888
585;6950545000;6651088888;6851088888
586;6950546000;6651088888;6851088888
587;6950547000;6651088888;6851088888
588;6969520000;6651088888;6851088888
589;6969705000;6651088888;6851088888
590;6969929000;6651088888;6851088888
591;6969931000;6651088888;6851088888
592;6970142000;6651088888;6851088888
593;6992221000;6651088888;6851088888
594;6992227000;6692722222;6892722222
595;6992228000;6692722222;6892722222
596;6992229000;6692722222;6892722222
597;7004973000;6692722222;6892722222
598;7004975000;6692722222;6892722222
599;7005376000;6692722222;6892722222
600;7010325000;6692722222;6892722222
601;7010837000;6692722222;6892722222
602;7010839000;6692722222;6892722222
603;7011078000;6692722222;6892722222
604;7033878000;6692722222;6892722222
605;7033884000;6734400000;6934400000
606;7050457000;6734400000;6934400000
607;7050709000;6734400000;6934400000
608;7050712000;6734400000;6934400000
609;7050940000;6734400000;6934400000
610;7050952000;6734400000;6934400000
611;7051187000;6734400000;6934400000
612;7051189000;6734400000;6934400000
613;7051440000;6734400000;6934400000
614;7051943000;6734400000;6934400000
615;7075566000;6734400000;6934400000
616;7075572000;6776122222;6976122222
617;7075573000;6776122222;6976122222
618;7090896000;6776122222;6976122222
619;7091081000;6776122222;6976122222
620;7091491000;6776122222;6976122222
621;7091716000;6776122222;6976122222
622;7091719000;6776122222;6976122222
623;7091966000;6776122222;6976122222
624;7092221000;6776122222;6976122222
625;7092224000;6776122222;6976122222
626;7117318000;6776122222;6976122222
627;7117324000;6817722222;7017722222
628;7117325000;6817722222;7017722222
629;7117326000;6817722222;7017722222
630;7132951000;6817722222;7017722222
631;7132954000;6817722222;7017722222
632;7132955000;6817722222;7017722222
633;7132956000;6817722222;7017722222
634;7132957000;6817722222;7017722222
635;7132958000;6817722222;7017722222
636;7133013000;6817722222;7017722222
637;7158883000;6817722222;7017722222
638;7171927000;6859366666;7059366666
639;7171929000;6859366666;7059366666
640;7172201000;6859366666;7059366666
641;7172204000;6859366666;7059366666
642;7173589000;6859366666;7059366666
643;7173592000;6859366666;7059366666
644;7173593000;6859366666;7059366666
645;7173594000;6859366666;7059366666
646;7173595000;6859366666;7059366666
647;7173596000;6859366666;7059366666
648;7200539000;6859366666;7059366666
649;7200544000;6901066666;7101066666
650;7219328000;6901066666;7101066666
651;7219330000;6901066666;7101066666
652;7219331000;6901066666;7101066666
653;7219332000;6901066666;7101066666
654;7219333000;6901066666;7101066666
655;7219334000;6901066666;7101066666
656;7219353000;6901066666;7101066666
657;7219358000;6901066666;7101066666
658;7219360000;6901066666;7101066666
659;7242225000;6901066666;7101066666
660;7242231000;6942733333;7142733333
661;7242232000;6942733333;7142733333
662;7242233000;6942733333;7142733333
663;7242233000;6942733333;7142733333
664;7242234000;6942733333;7142733333
665;7242235000;6942733333;7142733333
666;7242236000;6942733333;7142733333
667;7242237000;6942733333;7142733333
668;7252493000;6942733333;7142733333
669;7252495000;6942733333;7142733333
670;7283893000;6942733333;7142733333
671;7283898000;6984388888;7184388888
672;7283900000;6984388888;7184388888
673;7283900000;6984388888;7184388888
674;7283901000;6984388888;7184388888
675;7283902000;6984388888;7184388888
676;7283903000;6984388888;7184388888
677;7283904000;6984388888;7184388888
678;7283905000;6984388888;7184388888
679;7283906000;6984388888;7184388888
680;7283907000;6984388888;7184388888
681;7325624000;6984388888;7184388888
682;7325629000;7026100000;7226100000
683;7325630000;7026100000;7226100000
684;7325632000;7026100000;7226100000
685;7325632000;7026100000;7226100000
686;7325633000;7026100000;7226100000
687;7325634000;7026100000;7226100000
688;7325635000;7026100000;7226100000
689;7325636000;7026100000;7226100000
690;7325637000;7026100000;7226100000
691;7333280000;7026100000;7226100000
692;7367313000;7026100000;7226100000
693;7367319000;7067755555;7267755555
694;7367320000;7067755555;7267755555
695;7367321000;7067755555;7267755555
696;7367322000;7067755555;7267755555
697;7367323000;7067755555;7267755555
698;7367323000;7067755555;7267755555
699;7367324000;7067755555;7267755555
700;7367325000;7067755555;7267755555
701;7367326000;7067755555;7267755555
702;7367327000;7067755555;7267755555
703;7409006000;7067755555;7267755555
704;7409011000;7109400000;7309400000
705;7409012000;7109400000;7309400000
706;7409013000;7109400000;7309400000
707;7409014000;7109400000;7309400000
708;7409015000;7109400000;7309400000
709;7409016000;7109400000;7309400000
710;7409017000;7109400000;7309400000
711;7409018000;7109400000;7309400000
712;7409019000;7109400000;7309400000
713;7409020000;7109400000;7309400000
714;7450587000;7109400000;7309400000
715;7450593000;7151088888;7351088888
716;7450594000;7151088888;7351088888
717;7450595000;7151088888;7351088888
718;7450596000;7151088888;7351088888
719;7450597000;7151088888;7351088888
720;7450606000;7151088888;7351088888
721;7450606000;7151088888;7351088888
722;7450607000;7151088888;7351088888
723;7450608000;7151088888;7351088888
724;7450609000;7151088888;7351088888
725;7492276000;7151088888;7351088888
726;7492282000;7192711111;7392711111
727;7492283000;7192711111;7392711111
728;7492284000;7192711111;7392711111
729;7492285000;7192711111;7392711111
730;7492286000;7192711111;7392711111
731;7492287000;7192711111;7392711111
732;7492288000;7192711111;7392711111
733;7492289000;7192711111;7392711111
734;7492290000;7192711111;7392711111
735;7492291000;7192711111;7392711111
736;7533869000;7192711111;7392711111
737;7533875000;7234388888;7434388888
738;7533876000;7234388888;7434388888
739;7533877000;7234388888;7434388888
740;7533878000;7234388888;7434388888
741;7533879000;7234388888;7434388888
742;7533880000;7234388888;7434388888
743;7533881000;7234388888;7434388888
744;7533882000;7234388888;7434388888
745;7533883000;7234388888;7434388888
746;7533884000;7234388888;7434388888
747;7575576000;7234388888;7434388888
748;7575582000;7276100000;7476100000
749;7575583000;7276100000;7476100000
750;7575584000;7276100000;7476100000
751;7575585000;7276100000;7476100000
752;7575586000;7276100000;7476100000
753;7575587000;7276100000;7476100000
754;7575588000;7276100000;7476100000
755;7575589000;7276100000;7476100000
756;7575590000;7276100000;7476100000
757;7575591000;7276100000;7476100000
758;7617210000;7276100000;7476100000
759;7617216000;7317733333;7517733333
760;7617217000;7317733333;7517733333
761;7617218000;7317733333;7517733333
762;7617219000;7317733333;7517733333
763;7617220000;7317733333;7517733333
764;7617221000;7317733333;7517733333
765;7617222000;7317733333;7517733333
766;7617223000;7317733333;7517733333
767;7617224000;7317733333;7517733333
768;7617224000;7317733333;7517733333
769;7658849000;7317733333;7517733333
770;7658855000;7359400000;7559400000
771;7658856000;7359400000;7559400000
772;7658857000;7359400000;7559400000
773;7658858000;7359400000;7559400000
774;7658859000;7359400000;7559400000
775;7658860000;7359400000;7559400000
776;7658861000;7359400000;7559400000
777;7658861000;7359400000;7559400000
778;7658862000;7359400000;7559400000
779;7658863000;7359400000;7559400000
780;7700597000;7359400000;7559400000
794;7700603000;7442744444;7642744444
795;7700604000;7442744444;7642744444
796;7700605000;7442744444;7642744444
797;7700606000;7442744444;7642744444
798;7700607000;7442744444;7642744444
799;7700608000;7442744444;7642744444
800;7700609000;7442744444;7642744444
801;7700610000;7442744444;7642744444
802;7784206000;7442744444;7642744444
818;7784211000;7526100000;7726100000
819;7784213000;7526100000;7726100000
820;7784214000;7526100000;7726100000
821;7784215000;7526100000;7726100000
822;7784215000;7526100000;7726100000
823;7784216000;7526100000;7726100000
824;7867583000;7526100000;7726100000
848;7899702000;7651133333;7851133333
849;7899704000;7651133333;7851133333
850;7899705000;7651133333;7851133333
851;7899706000;7651133333;7851133333
852;7899707000;7651133333;7851133333
853;7899708000;7651133333;7851133333
854;7899709000;7651133333;7851133333
855;7899710000;7651133333;7851133333
856;7899711000;7651133333;7851133333
857;7992662000;7651133333;7851133333
874;7992668000;7734533333;7934533333
875;7992669000;7734533333;7934533333
876;7992670000;7734533333;7934533333
877;7992671000;7734533333;7934533333
878;7992672000;7734533333;7934533333
879;8075996000;7734533333;7934533333
890;8117275000;7776133333;7976133333
902;8117280000;7859433333;8059433333
903;8117281000;7859433333;8059433333
904;8117282000;7859433333;8059433333
905;8117283000;7859433333;8059433333
906;8117284000;7859433333;8059433333
907;8117285000;7859433333;8059433333
908;8117286000;7859433333;8059433333
909;8117287000;7859433333;8059433333
910;8117288000;7859433333;8059433333
911;8117289000;7859433333;8059433333
912;8200858000;7859433333;8059433333
921;8200863000;7901166666;8101166666
922;8200864000;7901166666;8101166666
923;8242417000;7901166666;8101166666
926;8257314000;7942755555;8142755555
927;8257326000;7942755555;8142755555
928;8257327000;7942755555;8142755555
929;8257336000;7942755555;8142755555
930;8257337000;7942755555;8142755555
931;8257338000;7942755555;8142755555
932;8257339000;7942755555;8142755555
933;8257340000;7942755555;8142755555
934;8283929000;7942755555;8142755555
939;8283935000;7984444444;8184444444
940;8283945000;7984444444;8184444444
941;8283946000;7984444444;8184444444
942;8283947000;7984444444;8184444444
943;8283948000;7984444444;8184444444
944;8283949000;7984444444;8184444444
945;8325695000;7984444444;8184444444
946;8325701000;8026133333;8226133333
947;8325702000;8026133333;8226133333
948;8325703000;8026133333;8226133333
949;8325704000;8026133333;8226133333
950;8325705000;8026133333;8226133333
951;8325706000;8026133333;8226133333
952;8325707000;8026133333;8226133333
953;8325708000;8026133333;8226133333
954;8325709000;8026133333;8226133333
955;8325710000;8026133333;8226133333
956;8367374000;8026133333;8226133333
960;8367379000;8067744444;8267744444
961;8367381000;8067744444;8267744444
962;8367382000;8067744444;8267744444
963;8367383000;8067744444;8267744444
964;8367384000;8067744444;8267744444
965;8367384000;8067744444;8267744444
966;8367385000;8067744444;8267744444
971;8450629000;8109422222;8309422222
983;8492328000;8151088888;8351088888
989;8492437000;8151088888;8351088888
990;8492443000;8192688888;8392688888
991;8492444000;8192688888;8392688888
992;8492445000;8192688888;8392688888
993;8492446000;8192688888;8392688888
994;8492447000;8192688888;8392688888
995;8492448000;8192688888;8392688888
996;8492449000;8192688888;8392688888
997;8492450000;8192688888;8392688888
998;8492451000;8192688888;8392688888
999;8492451000;8192688888;8392688888
1000;8533924000;8192688888;8392688888
1011;8575699000;8234444444;8434444444
1019;8575705000;8276144444;8476144444
1023;8659135000;8317711111;8517711111
1045;8742606000;8401122222;8601122222
1063;8783950000;8442711111;8642711111
1078;8867524000;8526088888;8726088888
1098;8908995000;8567755555;8767755555
1110;8950747000;8609400000;8809400000
1126;8950762000;8692722222;8892722222
1127;8950763000;8692722222;8892722222
1128;8950764000;8692722222;8892722222
1129;8950765000;8692722222;8892722222
1130;8950766000;8692722222;8892722222
1131;8950767000;8692722222;8892722222
1132;9034191000;8692722222;8892722222
1149;9034197000;8776111111;8976111111
1152;9035597000;8776111111;8976111111
1153;9035599000;8776111111;8976111111
1154;9117578000;8776111111;8976111111
1175;9117593000;8859388888;9059388888
1179;9242594000;8901100000;9101100000
1210;9367814000;9026155555;9226155555
1240;9450927000;9109466666;9309466666
1264;9533937000;9192766666;9392766666
1286;9617473000;9276177777;9476177777
1307;9617479000;9359422222;9559422222
1308;9700887000;9359422222;9559422222
1328;9700893000;9442755555;9642755555
1329;9700894000;9442755555;9642755555
1330;9784198000;9442755555;9642755555
1348;9816192000;9526144444;9726144444
1349;9816195000;9526144444;9726144444
1350;9816196000;9526144444;9726144444
1351;9816196000;9526144444;9726144444
1352;9867431000;9526144444;9726144444
1369;9867437000;9609411111;9809411111
1370;9867438000;9609411111;9809411111
1371;9867439000;9609411111;9809411111
1372;9867440000;9609411111;9809411111
1373;9867441000;9609411111;9809411111
1374;9950871000;9609411111;9809411111
1388;9950877000;9692744444;9892744444
1392;9964992000;9692744444;9892744444
1399;10075942000;9734444444;9934444444
1429;10159319000;9817766666;10017766666
1447;10159334000;9901211111;10101211111
1448;10159335000;9901211111;10101211111
1449;10159336000;9901211111;10101211111
1450;10159337000;9901211111;10101211111
1451;10242649000;9901211111;10101211111
1468;10242654000;9984444444;10184444444
1469;10242655000;9984444444;10184444444
1470;10242656000;9984444444;10184444444
1471;10242657000;9984444444;10184444444
1472;10242658000;9984444444;10184444444
1473;10325901000;9984444444;10184444444
1493;10325916000;10067811111;10267811111
1494;10325918000;10067811111;10267811111
1495;10409276000;10067811111;10267811111
1514;10409281000;10151100000;10351100000
1515;10409283000;10151100000;10351100000
1516;10409284000;10151100000;10351100000
1517;10492571000;10151100000;10351100000
1534;10492584000;10234466666;10434466666
1535;10492585000;10234466666;10434466666
1536;10492586000;10234466666;10434466666
1537;10492587000;10234466666;10434466666
1538;10492588000;10234466666;10434466666
1539;10575908000;10234466666;10434466666
1551;10575914000;10317788888;10517788888
1554;10602268000;10317788888;10517788888
1555;10602270000;10317788888;10517788888
1556;10602271000;10317788888;10517788888
1559;10602459000;10317788888;10517788888
1560;10602461000;10317788888;10517788888
1561;10659101000;10317788888;10517788888
1569;10659106000;10359433333;10559433333
1570;10659107000;10359433333;10559433333
1571;10659109000;10359433333;10559433333
1572;10700713000;10359433333;10559433333
1579;10700719000;10401177777;10601177777
1580;10700720000;10401177777;10601177777
1581;10700721000;10401177777;10601177777
1582;10700722000;10401177777;10601177777
1583;10742414000;10401177777;10601177777
1589;10742420000;10442744444;10642744444
1590;10742421000;10442744444;10642744444
1591;10742422000;10442744444;10642744444
1592;10742423000;10442744444;10642744444
1593;10742424000;10442744444;10642744444
1594;10783996000;10442744444;10642744444
1602;10784001000;10484433333;10684433333
1603;10784002000;10484433333;10684433333
1604;10784003000;10484433333;10684433333
1605;10825719000;10484433333;10684433333
1611;10838836000;10526122222;10726122222
1612;10838847000;10526122222;10726122222
1613;10838848000;10526122222;10726122222
1614;10838849000;10526122222;10726122222
1615;10838850000;10526122222;10726122222
1616;10867311000;10526122222;10726122222
1625;10867316000;10567733333;10767733333
1626;10867318000;10567733333;10767733333
1627;10908978000;10567733333;10767733333
1632;10908983000;10609411111;10809411111
1633;10908985000;10609411111;10809411111
1634;10908986000;10609411111;10809411111
1635;10908986000;10609411111;10809411111
1636;10908988000;10609411111;10809411111
1637;10908989000;10609411111;10809411111
1638;10950664000;10609411111;10809411111
1645;10950670000;10651122222;10851122222
1646;10950671000;10651122222;10851122222
1647;10950672000;10651122222;10851122222
1648;10950673000;10651122222;10851122222
1649;10992375000;10651122222;10851122222
1657;10992381000;10692744444;10892744444
1658;10992382000;10692744444;10892744444
1659;10992383000;10692744444;10892744444
1660;11033995000;10692744444;10892744444
1668;11034001000;10734433333;10934433333
1671;11075634000;10734433333;10934433333
1672;11075640000;10776122222;10976122222
1673;11075641000;10776122222;10976122222
1674;11075642000;10776122222;10976122222
1675;11075643000;10776122222;10976122222
1676;11075644000;10776122222;10976122222
1679;11080303000;10776122222;10976122222
1680;11080314000;10776122222;10976122222
1681;11080315000;10776122222;10976122222
1682;11117336000;10776122222;10976122222
1692;11117342000;10817733333;11017733333
1693;11158957000;10817733333;11017733333
1697;11158962000;10859366666;11059366666
1698;11158963000;10859366666;11059366666
1699;11158964000;10859366666;11059366666
1702;11160986000;10859366666;11059366666
1705;11242530000;10901088888;11101088888
1716;11283969000;10942744444;11142744444
1730;11325643000;10984388888;11184388888
1738;11367369000;11026111111;11226111111
1756;11409011000;11067755555;11267755555
1764;11450700000;11109444444;11309444444
1776;11492334000;11151077777;11351077777
1781;11492442000;11151077777;11351077777
1782;11492448000;11192722222;11392722222
1783;11492449000;11192722222;11392722222
1784;11492450000;11192722222;11392722222
1785;11492451000;11192722222;11392722222
1786;11492452000;11192722222;11392722222
1787;11492453000;11192722222;11392722222
1788;11492454000;11192722222;11392722222
1789;11492455000;11192722222;11392722222
1790;11492456000;11192722222;11392722222
1791;11492456000;11192722222;11392722222
1792;11533957000;11192722222;11392722222
1795;11533963000;11234400000;11434400000
1796;11533964000;11234400000;11434400000
1799;11553229000;11234400000;11434400000
1800;11553231000;11234400000;11434400000
1801;11553242000;11234400000;11434400000
1802;11553243000;11234400000;11434400000
1803;11575531000;11234400000;11434400000
1804;11575554000;11276111111;11476111111
1805;11575555000;11276111111;11476111111
1806;11575556000;11276111111;11476111111
1807;11575557000;11276111111;11476111111
1808;11575558000;11276111111;11476111111
1811;11584305000;11276111111;11476111111
1812;11584320000;11276111111;11476111111
1813;11584321000;11276111111;11476111111
1814;11617306000;11276111111;11476111111
1817;11617312000;11317744444;11517744444
1818;11617313000;11317744444;11517744444
1819;11617314000;11317744444;11517744444
1822;11645729000;11317744444;11517744444
1823;11645732000;11317744444;11517744444
1824;11645732000;11317744444;11517744444
1825;11658846000;11317744444;11517744444
1826;11658852000;11359411111;11559411111
1827;11658853000;11359411111;11559411111
1828;11658854000;11359411111;11559411111
1829;11658855000;11359411111;11559411111
1830;11658856000;11359411111;11559411111
1831;11658861000;11359411111;11559411111
1832;11658862000;11359411111;11559411111
1833;11658863000;11359411111;11559411111
1834;11658864000;11359411111;11559411111
1835;11658865000;11359411111;11559411111
1836;11700665000;11359411111;11559411111
1839;11700670000;11401100000;11601100000
1840;11700672000;11401100000;11601100000
1841;11700673000;11401100000;11601100000
1842;11700674000;11401100000;11601100000
1843;11700675000;11401100000;11601100000
1844;11700676000;11401100000;11601100000
1845;11700676000;11401100000;11601100000
1846;11700677000;11401100000;11601100000
1847;11742336000;11401100000;11601100000
1848;11742341000;11442711111;11642711111
1849;11742342000;11442711111;11642711111
1850;11742343000;11442711111;11642711111
1851;11742344000;11442711111;11642711111
1852;11742345000;11442711111;11642711111
1853;11742346000;11442711111;11642711111
1854;11742347000;11442711111;11642711111
1855;11742348000;11442711111;11642711111
1856;11742349000;11442711111;11642711111
1857;11742350000;11442711111;11642711111
1858;11783962000;11442711111;11642711111
1861;11783968000;11484400000;11684400000
1866;11802359000;11484400000;11684400000
1867;11802361000;11484400000;11684400000
1868;11802372000;11484400000;11684400000
1871;11867327000;11526088888;11726088888
1889;11908994000;11567700000;11767700000
1897;11950627000;11609388888;11809388888
1910;11992148000;11651066666;11851066666
1926;12075839000;11734388888;11934388888
1949;12159177000;11817711111;12017711111
1973;12242570000;11901088888;12101088888
1992;12325833000;11984388888;12184388888
2013;12409219000;12067766666;12267766666
2032;12450666000;12109411111;12309411111
2043;12492363000;12151122222;12351122222
2055;12534109000;12192866666;12392866666
2066;12575734000;12234477777;12434477777
2080;12659176000;12317722222;12517722222
2099;12700633000;12359388888;12559388888
2112;12784197000;12442733333;12642733333
2136;12867399000;12526144444;12726144444
2160;12950868000;12609411111;12809411111
2183;13034211000;12692744444;12892744444
2206;13117578000;12776133333;12976133333
2220;13159020000;12817766666;13017766666
2229;13200648000;12859400000;13059400000
2238;13242392000;12901155555;13101155555
2247;13283934000;12942777777;13142777777
2259;13325725000;12984466666;13184466666
2266;13367374000;13026133333;13226133333
2279;13409013000;13067755555;13267755555
2294;13450590000;13109422222;13309422222
2304;13492398000;13151111111;13351111111
2310;13533985000;13192733333;13392733333
2326;13575664000;13234433333;13434433333
2338;13617364000;13276133333;13476133333
2352;13658998000;13317766666;13517766666
2363;13700737000;13359411111;13559411111
2377;13784262000;13442800000;13642800000
2406;13867598000;13526122222;13726122222
2428;13950848000;13609388888;13809388888
2450;14034227000;13692766666;13892766666
2471;14117632000;13776166666;13976166666
2495;14200917000;13859455555;14059455555
2512;14284275000;13942800000;14142800000
2540;14367663000;14026155555;14226155555
2561;14367667000;14109455555;14309455555
2562;14450912000;14109455555;14309455555
2580;14450918000;14192766666;14392766666
2581;14450919000;14192766666;14392766666
2582;14450920000;14192766666;14392766666
2583;14450921000;14192766666;14392766666
2584;14534209000;14192766666;14392766666
2606;14617588000;14276144444;14476144444
2627;14617594000;14359422222;14559422222
2630;14742402000;14401177777;14601177777
2649;14783943000;14442755555;14642755555
2660;14825644000;14484455555;14684455555
2670;14867371000;14526155555;14726155555
2682;14908935000;14567722222;14767722222
2686;14950601000;14609411111;14809411111
2697;14992321000;14651133333;14851133333
2704;14992325000;14651133333;14851133333
2705;14992386000;14651133333;14851133333
2708;15005364000;14692733333;14892733333
2709;15005376000;14692733333;14892733333
2710;15005378000;14692733333;14892733333
2711;15005378000;14692733333;14892733333
2712;15005379000;14692733333;14892733333
2713;15005380000;14692733333;14892733333
2714;15005381000;14692733333;14892733333
2715;15005382000;14692733333;14892733333
2716;15033854000;14692733333;14892733333
2717;15033860000;14734433333;14934433333
2718;15033861000;14734433333;14934433333
2719;15033862000;14734433333;14934433333
2720;15033863000;14734433333;14934433333
2721;15033864000;14734433333;14934433333
2722;15033865000;14734433333;14934433333
2723;15033866000;14734433333;14934433333
2724;15033866000;14734433333;14934433333
2725;15033867000;14734433333;14934433333
2726;15033868000;14734433333;14934433333
2727;15075620000;14734433333;14934433333
2729;15092189000;14776044444;14976044444
2731;15092191000;14776044444;14976044444
2732;15092192000;14776044444;14976044444
2733;15092193000;14776044444;14976044444
2734;15092194000;14776044444;14976044444
2737;15092346000;14776044444;14976044444
2738;15117148000;14776044444;14976044444
2739;15117154000;14817733333;15017733333
2740;15117155000;14817733333;15017733333
2741;15117156000;14817733333;15017733333
2742;15117157000;14817733333;15017733333
2743;15117158000;14817733333;15017733333
2744;15117159000;14817733333;15017733333
2745;15117160000;14817733333;15017733333
2746;15117160000;14817733333;15017733333
2747;15117161000;14817733333;15017733333
2748;15117162000;14817733333;15017733333
2749;15158921000;14817733333;15017733333
2752;15172970000;14859377777;15059377777
2753;15172973000;14859377777;15059377777
2754;15172974000;14859377777;15059377777
2755;15172974000;14859377777;15059377777
2756;15172975000;14859377777;15059377777
2757;15172976000;14859377777;15059377777
2758;15172978000;14859377777;15059377777
2759;15172982000;14859377777;15059377777
2761;15242382000;14901055555;15101055555
2770;15242386000;14901055555;15101055555
2771;15242447000;14901055555;15101055555
2772;15242451000;14942722222;15142722222
2773;15242462000;14942722222;15142722222
2774;15242463000;14942722222;15142722222
2775;15242464000;14942722222;15142722222
2776;15242465000;14942722222;15142722222
2777;15242465000;14942722222;15142722222
2778;15242466000;14942722222;15142722222
2779;15242467000;14942722222;15142722222
2780;15242468000;14942722222;15142722222
2781;15242469000;14942722222;15142722222
2782;15283908000;14942722222;15142722222
2784;15283914000;14984377777;15184377777
2785;15283915000;14984377777;15184377777
2786;15283916000;14984377777;15184377777
2787;15283917000;14984377777;15184377777
2788;15283918000;14984377777;15184377777
2789;15283918000;14984377777;15184377777
2790;15283919000;14984377777;15184377777
2791;15283920000;14984377777;15184377777
2792;15283921000;14984377777;15184377777
2793;15325565000;14984377777;15184377777
2795;15325570000;15026100000;15226100000
2796;15325571000;15026100000;15226100000
2797;15325572000;15026100000;15226100000
2798;15325573000;15026100000;15226100000
2799;15325574000;15026100000;15226100000
2800;15325575000;15026100000;15226100000
2801;15325576000;15026100000;15226100000
2802;15325577000;15026100000;15226100000
2803;15325578000;15026100000;15226100000
2804;15367288000;15026100000;15226100000
2809;15367294000;15067722222;15267722222
2810;15367295000;15067722222;15267722222
2811;15367296000;15067722222;15267722222
2812;15367297000;15067722222;15267722222
2813;15367297000;15067722222;15267722222
2814;15367298000;15067722222;15267722222
2815;15408925000;15067722222;15267722222
2820;15408931000;15109388888;15309388888
2821;15408932000;15109388888;15309388888
2822;15408940000;15109388888;15309388888
2823;15408941000;15109388888;15309388888
2824;15408942000;15109388888;15309388888
2825;15408943000;15109388888;15309388888
2826;15450601000;15109388888;15309388888
2834;15450607000;15151055555;15351055555
2835;15450608000;15151055555;15351055555
2836;15450609000;15151055555;15351055555
2837;15492241000;15151055555;15351055555
2851;15492247000;15234377777;15434377777
2852;15492248000;15234377777;15434377777
2853;15492249000;15234377777;15434377777
2854;15492250000;15234377777;15434377777
2855;15492251000;15234377777;15434377777
2856;15492252000;15234377777;15434377777
2857;15492253000;15234377777;15434377777
2858;15492254000;15234377777;15434377777
2859;15575771000;15234377777;15434377777
2883;15608075000;15359366666;15559366666
2887;15608123000;15359366666;15559366666
2888;15608125000;15359366666;15559366666
2889;15608126000;15359366666;15559366666
2890;15608127000;15359366666;15559366666
2891;15608128000;15359366666;15559366666
2892;15700806000;15359366666;15559366666
2909;15700812000;15442733333;15642733333
2910;15700813000;15442733333;15642733333
2911;15700814000;15442733333;15642733333
2912;15700815000;15442733333;15642733333
2913;15700816000;15442733333;15642733333
2914;15784155000;15442733333;15642733333
2930;15784161000;15526144444;15726144444
2931;15784162000;15526144444;15726144444
2935;15787127000;15526144444;15726144444
2936;15867549000;15526144444;15726144444
2948;15867555000;15609422222;15809422222
2949;15867557000;15609422222;15809422222
2953;15868179000;15609422222;15809422222
2956;15868181000;15609422222;15809422222
2957;15868183000;15609422222;15809422222
2958;15950838000;15609422222;15809422222
2968;15950844000;15651122222;15851122222
2971;16034080000;15692766666;15892766666
2985;16075643000;15734455555;15934455555
2993;16117290000;15776100000;15976100000
3007;16158900000;15817711111;16017711111
3016;16200577000;15859366666;16059366666
3030;16242289000;15901088888;16101088888
3041;16283850000;15942711111;16142711111
3052;16325517000;15984377777;16184377777
3067;16367257000;16026066666;16226066666
3078;16408926000;16067733333;16267733333
3095;16492451000;16151055555;16351055555
3120;16575795000;16234400000;16434400000
3138;16659132000;16317711111;16517711111
3160;16742455000;16401122222;16601122222
3184;16825839000;16484444444;16684444444
3197;16867343000;16526155555;16726155555
3210;16908932000;16567744444;16767744444
3218;16950590000;16609411111;16809411111
3231;16992357000;16651166666;16851166666
3240;17033909000;16692722222;16892722222
3256;17117545000;16776133333;16976133333
3273;17158921000;16817733333;17017733333
3282;17200566000;16859377777;17059377777
3287;17200570000;16859377777;17059377777
3288;17200631000;16859377777;17059377777
3289;17200645000;16901066666;17101066666
3290;17200646000;16901066666;17101066666
3291;17200647000;16901066666;17101066666
3292;17200648000;16901066666;17101066666
3293;17200649000;16901066666;17101066666
3294;17200650000;16901066666;17101066666
3295;17200651000;16901066666;17101066666
3296;17200652000;16901066666;17101066666
3297;17200653000;16901066666;17101066666
3298;17200654000;16901066666;17101066666
3299;17242250000;16901066666;17101066666
3301;17242256000;16942711111;17142711111
3302;17242257000;16942711111;17142711111
3308;17258073000;16942711111;17142711111
3309;17258076000;16942711111;17142711111
3310;17283813000;16942711111;17142711111
3311;17283819000;16984422222;17184422222
3312;17283820000;16984422222;17184422222
3313;17283821000;16984422222;17184422222
3314;17283822000;16984422222;17184422222
3315;17283823000;16984422222;17184422222
3316;17283824000;16984422222;17184422222
3319;17300928000;16984422222;17184422222
3320;17300930000;16984422222;17184422222
3321;17325526000;16984422222;17184422222
3322;17325531000;17026044444;17226044444
3323;17325533000;17026044444;17226044444
3324;17325544000;17026044444;17226044444
3325;17325545000;17026044444;17226044444
3326;17325546000;17026044444;17226044444
3327;17325547000;17026044444;17226044444
3328;17325548000;17026044444;17226044444
3329;17325559000;17026044444;17226044444
3330;17325560000;17026044444;17226044444
3331;17325561000;17026044444;17226044444
3332;17367165000;17026044444;17226044444
3334;17386932000;17067733333;17267733333
3335;17386934000;17067733333;17267733333
3336;17386935000;17067733333;17267733333
3337;17386945000;17067733333;17267733333
3338;17386946000;17067733333;17267733333
3339;17386947000;17067733333;17267733333
3340;17386948000;17067733333;17267733333
3341;17386949000;17067733333;17267733333
3342;17386950000;17067733333;17267733333
3343;17408886000;17067733333;17267733333
3344;17408892000;17109400000;17309400000
3345;17408893000;17109400000;17309400000
3346;17408894000;17109400000;17309400000
3347;17408895000;17109400000;17309400000
3348;17408896000;17109400000;17309400000
3349;17408897000;17109400000;17309400000
3350;17408898000;17109400000;17309400000
3351;17408899000;17109400000;17309400000
3352;17408900000;17109400000;17309400000
3353;17408901000;17109400000;17309400000
3354;17450650000;17109400000;17309400000
3358;17450656000;17151055555;17351055555
3359;17450657000;17151055555;17351055555
3360;17450658000;17151055555;17351055555
3361;17450659000;17151055555;17351055555
3362;17450659000;17151055555;17351055555
3363;17450660000;17151055555;17351055555
3364;17450661000;17151055555;17351055555
3365;17492306000;17151055555;17351055555
3366;17492312000;17192711111;17392711111
3367;17492313000;17192711111;17392711111
3368;17492314000;17192711111;17392711111
3369;17492315000;17192711111;17392711111
3370;17492316000;17192711111;17392711111
3371;17492317000;17192711111;17392711111
3372;17492318000;17192711111;17392711111
3373;17492318000;17192711111;17392711111
3374;17492319000;17192711111;17392711111
3375;17492320000;17192711111;17392711111
3376;17533969000;17192711111;17392711111
3380;17533984000;17234411111;17434411111
3384;17548572000;17234411111;17434411111
3385;17548575000;17234411111;17434411111
3386;17548576000;17234411111;17434411111
3387;17575593000;17234411111;17434411111
3388;17575599000;17276055555;17476055555
3389;17575600000;17276055555;17476055555
3390;17575601000;17276055555;17476055555
3391;17575602000;17276055555;17476055555
3392;17575603000;17276055555;17476055555
3393;17575604000;17276055555;17476055555
3394;17575604000;17276055555;17476055555
3395;17575605000;17276055555;17476055555
3396;17575606000;17276055555;17476055555
3397;17575607000;17276055555;17476055555
3398;17617290000;17276055555;17476055555
3408;17617296000;17317722222;17517722222
3409;17658924000;17317722222;17517722222
3411;17658929000;17359388888;17559388888
3412;17658930000;17359388888;17559388888
3413;17658931000;17359388888;17559388888
3414;17658932000;17359388888;17559388888
3415;17658934000;17359388888;17559388888
3416;17658935000;17359388888;17559388888
3419;17662363000;17359388888;17559388888
3420;17700603000;17359388888;17559388888
3431;17742348000;17401111111;17601111111
3434;17742363000;17442722222;17642722222
3435;17742365000;17442722222;17642722222
3436;17742365000;17442722222;17642722222
3437;17742366000;17442722222;17642722222
3440;17744505000;17442722222;17642722222
3441;17744507000;17442722222;17642722222
3442;17783960000;17442722222;17642722222
3458;17783966000;17526088888;17726088888
3459;17783967000;17526088888;17726088888
3460;17783968000;17526088888;17726088888
3461;17783969000;17526088888;17726088888
3462;17783970000;17526088888;17726088888
3465;17909299000;17567711111;17767711111
3489;17992555000;17651133333;17851133333
3516;18075640000;17734444444;17934444444
3537;18159199000;17817766666;18017766666
3560;18242594000;17901155555;18101155555
3573;18283984000;17942755555;18142755555
3583;18325673000;17984444444;18184444444
3591;18367387000;18026133333;18226133333
3597;18409034000;18067811111;18267811111
3607;18409145000;18067811111;18267811111
3608;18409160000;18109422222;18309422222
3609;18409162000;18109422222;18309422222
3610;18409163000;18109422222;18309422222
3611;18409164000;18109422222;18309422222
3612;18409165000;18109422222;18309422222
3613;18409166000;18109422222;18309422222
3614;18409167000;18109422222;18309422222
3615;18409185000;18109422222;18309422222
3616;18409186000;18109422222;18309422222
3617;18409187000;18109422222;18309422222
3618;18450673000;18109422222;18309422222
3619;18450679000;18151133333;18351133333
3620;18450680000;18151133333;18351133333
3621;18450681000;18151133333;18351133333
3622;18450682000;18151133333;18351133333
3623;18450683000;18151133333;18351133333
3624;18450684000;18151133333;18351133333
3625;18450685000;18151133333;18351133333
3628;18455451000;18151133333;18351133333
3629;18492360000;18151133333;18351133333
3634;18503985000;18192733333;18392733333
3635;18503987000;18192733333;18392733333
3636;18503988000;18192733333;18392733333
3637;18503998000;18192733333;18392733333
3638;18503999000;18192733333;18392733333
3639;18504000000;18192733333;18392733333
3640;18533864000;18192733333;18392733333
3644;18536277000;18234411111;18434411111
3649;18536521000;18234411111;18434411111
3651;18575648000;18234411111;18434411111
3653;18575664000;18276155555;18476155555
3654;18575665000;18276155555;18476155555
3655;18575666000;18276155555;18476155555
3656;18575667000;18276155555;18476155555
3657;18575668000;18276155555;18476155555
3658;18575669000;18276155555;18476155555
3659;18575670000;18276155555;18476155555
3660;18575670000;18276155555;18476155555
3661;18575671000;18276155555;18476155555
3662;18617372000;18276155555;18476155555
3665;18617378000;18317733333;18517733333
3666;18617379000;18317733333;18517733333
3667;18617380000;18317733333;18517733333
3668;18617381000;18317733333;18517733333
3669;18617382000;18317733333;18517733333
3670;18617382000;18317733333;18517733333
3671;18617383000;18317733333;18517733333
3672;18617384000;18317733333;18517733333
3673;18658982000;18317733333;18517733333
3675;18658988000;18359388888;18559388888
3676;18658989000;18359388888;18559388888
3679;18665012000;18359388888;18559388888
3680;18665014000;18359388888;18559388888
3681;18665015000;18359388888;18559388888
3682;18665016000;18359388888;18559388888
3683;18665027000;18359388888;18559388888
3684;18700618000;18359388888;18559388888
3689;18700624000;18401122222;18601122222
3690;18700625000;18401122222;18601122222
3691;18700626000;18401122222;18601122222
3692;18700627000;18401122222;18601122222
3695;18742358000;18401122222;18601122222
3698;18742364000;18442711111;18642711111
3699;18742365000;18442711111;18642711111
3702;18745498000;18442711111;18642711111
3703;18745500000;18442711111;18642711111
3704;18745501000;18442711111;18642711111
3705;18745502000;18442711111;18642711111
3706;18783965000;18442711111;18642711111
3712;18783971000;18484344444;18684344444
3713;18783972000;18484344444;18684344444
3714;18783973000;18484344444;18684344444
3715;18783974000;18484344444;18684344444
3716;18783974000;18484344444;18684344444
3717;18825586000;18484344444;18684344444
3724;18825592000;18526066666;18726066666
3725;18825593000;18526066666;18726066666
3726;18825594000;18526066666;18726066666
3727;18825595000;18526066666;18726066666
3728;18867301000;18526066666;18726066666
3743;18873368000;18609366666;18809366666
3744;18873370000;18609366666;18809366666
3745;18873381000;18609366666;18809366666
3746;18873382000;18609366666;18809366666
3747;18873383000;18609366666;18809366666
3748;18873384000;18609366666;18809366666
3749;18873385000;18609366666;18809366666
3750;18950775000;18609366666;18809366666
3766;18950781000;18692688888;18892688888
3767;18950782000;18692688888;18892688888
3768;18950783000;18692688888;18892688888
3769;18950784000;18692688888;18892688888
3770;18950785000;18692688888;18892688888
3771;18950786000;18692688888;18892688888
3772;19034146000;18692688888;18892688888
3790;19034152000;18776066666;18976066666
3791;19034153000;18776066666;18976066666
3792;19034154000;18776066666;18976066666
3793;19034155000;18776066666;18976066666
3794;19117508000;18776066666;18976066666
3810;19117532000;18859366666;19059366666
3811;19117533000;18859366666;19059366666
3812;19117534000;18859366666;19059366666
3813;19117535000;18859366666;19059366666
3814;19117536000;18859366666;19059366666
3815;19117537000;18859366666;19059366666
3816;19200822000;18859366666;19059366666
3829;19200835000;18942766666;19142766666
3830;19200836000;18942766666;19142766666
3831;19200837000;18942766666;19142766666
3832;19200838000;18942766666;19142766666
3833;19200839000;18942766666;19142766666
3834;19200840000;18942766666;19142766666
3835;19200841000;18942766666;19142766666
3836;19200842000;18942766666;19142766666
3837;19200843000;18942766666;19142766666
3838;19284208000;18942766666;19142766666
3849;19325712000;18984422222;19184422222
3863;19325718000;19067755555;19267755555
3864;19325719000;19067755555;19267755555
3865;19325720000;19067755555;19267755555
3866;19325720000;19067755555;19267755555
3867;19325721000;19067755555;19267755555
3868;19325722000;19067755555;19267755555
3869;19325723000;19067755555;19267755555
3870;19325724000;19067755555;19267755555
3871;19409214000;19067755555;19267755555
3879;19409220000;19109433333;19309433333
3880;19409221000;19109433333;19309433333
3881;19409222000;19109433333;19309433333
3882;19450683000;19109433333;19309433333
3891;19450688000;19151077777;19351077777
3892;19450689000;19151077777;19351077777
3893;19492329000;19151077777;19351077777
3900;19492334000;19192711111;19392711111
3901;19492336000;19192711111;19392711111
3902;19492337000;19192711111;19392711111
3903;19492338000;19192711111;19392711111
3904;19533961000;19192711111;19392711111
3909;19533967000;19234400000;19434400000
3910;19533968000;19234400000;19434400000
3911;19533969000;19234400000;19434400000
3914;19551908000;19234400000;19434400000
3915;19575570000;19234400000;19434400000
3923;19575575000;19276100000;19476100000
3924;19575576000;19276100000;19476100000
3925;19575577000;19276100000;19476100000
3926;19617396000;19276100000;19476100000
3933;19617402000;19317722222;19517722222
3934;19617403000;19317722222;19517722222
3937;19658903000;19317722222;19517722222
3942;19658909000;19359366666;19559366666
3943;19658910000;19359366666;19559366666
3944;19658911000;19359366666;19559366666
3945;19658912000;19359366666;19559366666
3946;19658913000;19359366666;19559366666
3947;19658914000;19359366666;19559366666
3948;19700629000;19359366666;19559366666
3959;19742343000;19401077777;19601077777
3971;19742349000;19484388888;19684388888
3972;19742351000;19484388888;19684388888
3973;19742351000;19484388888;19684388888
3974;19742352000;19484388888;19684388888
3975;19742353000;19484388888;19684388888
3976;19742354000;19484388888;19684388888
3977;19742355000;19484388888;19684388888
3978;19742356000;19484388888;19684388888
3979;19742357000;19484388888;19684388888
3980;19742358000;19484388888;19684388888
3981;19825837000;19484388888;19684388888
3995;19825843000;19567700000;19767700000
3996;19825844000;19567700000;19767700000
3997;19825845000;19567700000;19767700000
3998;19825846000;19567700000;19767700000
3999;19825847000;19567700000;19767700000
4000;19825848000;19567700000;19767700000
4001;19825849000;19567700000;19767700000
4002;19825850000;19567700000;19767700000
4003;19909164000;19567700000;19767700000
4025;19992538000;19651077777;19851077777
4046;19992545000;19734400000;19934400000
4047;20075895000;19734400000;19934400000
4067;20075901000;19817766666;20017766666
4068;20075902000;19817766666;20017766666
4069;20159214000;19817766666;20017766666
4090;20159220000;19901100000;20101100000
4091;20242570000;19901100000;20101100000
4104;20242576000;19984444444;20184444444
4105;20242577000;19984444444;20184444444
4106;20242578000;19984444444;20184444444
4107;20242579000;19984444444;20184444444
4108;20242580000;19984444444;20184444444
4109;20242581000;19984444444;20184444444
4110;20242581000;19984444444;20184444444
4111;20242582000;19984444444;20184444444
4112;20242583000;19984444444;20184444444
4118;20367585000;20026166666;20226166666
4132;20409013000;20067766666;20267766666
4138;20450757000;20109500000;20309500000
4149;20492341000;20151100000;20351100000
4159;20533859000;20192722222;20392722222
4169;20575676000;20234433333;20434433333
4178;20575680000;20234433333;20434433333
4179;20575786000;20234433333;20434433333
4180;20575792000;20276122222;20476122222
4181;20575793000;20276122222;20476122222
4182;20575794000;20276122222;20476122222
4183;20575802000;20276122222;20476122222
4184;20575803000;20276122222;20476122222
4185;20575804000;20276122222;20476122222
4186;20575805000;20276122222;20476122222
4187;20575806000;20276122222;20476122222
4188;20575807000;20276122222;20476122222
4189;20575808000;20276122222;20476122222
4190;20617375000;20276122222;20476122222
4191;20617381000;20317722222;20517722222
4192;20617382000;20317722222;20517722222
4193;20617383000;20317722222;20517722222
4194;20617384000;20317722222;20517722222
4195;20617385000;20317722222;20517722222
4196;20617386000;20317722222;20517722222
4197;20617387000;20317722222;20517722222
4198;20617388000;20317722222;20517722222
4199;20617389000;20317722222;20517722222
4200;20617390000;20317722222;20517722222
4201;20658991000;20317722222;20517722222
4202;20658997000;20359400000;20559400000
4203;20658998000;20359400000;20559400000
4204;20658999000;20359400000;20559400000
4205;20659000000;20359400000;20559400000
4206;20659001000;20359400000;20559400000
4207;20659002000;20359400000;20559400000
4208;20659003000;20359400000;20559400000
4209;20659013000;20359400000;20559400000
4210;20659014000;20359400000;20559400000
4211;20659015000;20359400000;20559400000
4212;20700567000;20359400000;20559400000
4216;20700573000;20401100000;20601100000
4217;20700574000;20401100000;20601100000
4218;20700575000;20401100000;20601100000
4219;20700576000;20401100000;20601100000
4220;20700577000;20401100000;20601100000
4221;20700578000;20401100000;20601100000
4222;20700579000;20401100000;20601100000
4223;20742354000;20401100000;20601100000
4227;20742360000;20442722222;20642722222
4228;20742361000;20442722222;20642722222
4229;20742362000;20442722222;20642722222
4230;20742363000;20442722222;20642722222
4231;20742364000;20442722222;20642722222
4232;20742365000;20442722222;20642722222
4233;20742366000;20442722222;20642722222
4234;20783959000;20442722222;20642722222
4241;20783964000;20484366666;20684366666
4242;20783965000;20484366666;20684366666
4243;20783967000;20484366666;20684366666
4244;20783967000;20484366666;20684366666
4245;20825651000;20484366666;20684366666
4252;20825657000;20526066666;20726066666
4253;20825658000;20526066666;20726066666
4254;20825659000;20526066666;20726066666
4255;20825660000;20526066666;20726066666
4256;20867322000;20526066666;20726066666
4271;20867328000;20609377777;20809377777
4272;20867329000;20609377777;20809377777
4273;20867330000;20609377777;20809377777
4274;20867331000;20609377777;20809377777
4275;20867332000;20609377777;20809377777
4276;20867333000;20609377777;20809377777
4277;20867334000;20609377777;20809377777
4278;20950844000;20609377777;20809377777
4296;20953732000;20692733333;20892733333
4297;20953734000;20692733333;20892733333
4298;20953735000;20692733333;20892733333
4299;20953736000;20692733333;20892733333
4300;21034184000;20692733333;20892733333
4314;21039347000;20776077777;20976077777
4315;21039361000;20776077777;20976077777
4316;21039362000;20776077777;20976077777
4319;21039763000;20776077777;20976077777
4320;21039777000;20776077777;20976077777
4321;21039778000;20776077777;20976077777
4322;21117487000;20776077777;20976077777
4334;21117493000;20859388888;21059388888
4335;21117494000;20859388888;21059388888
4336;21117496000;20859388888;21059388888
4337;21117497000;20859388888;21059388888
4338;21117498000;20859388888;21059388888
4339;21117498000;20859388888;21059388888
4340;21117499000;20859388888;21059388888
4343;21119805000;20859388888;21059388888
4344;21200855000;20859388888;21059388888
4356;21200861000;20942722222;21142722222
4357;21200872000;20942722222;21142722222
4358;21200873000;20942722222;21142722222
4359;21200874000;20942722222;21142722222
4360;21200875000;20942722222;21142722222
4361;21200876000;20942722222;21142722222
4362;21200877000;20942722222;21142722222
4363;21200878000;20942722222;21142722222
4364;21200879000;20942722222;21142722222
4365;21200889000;20942722222;21142722222
4366;21284186000;20942722222;21142722222
4381;21284192000;21026100000;21226100000
4382;21284193000;21026100000;21226100000
4385;21302741000;21026100000;21226100000
4386;21302743000;21026100000;21226100000
4387;21302761000;21026100000;21226100000
4388;21367454000;21026100000;21226100000
4405;21367460000;21109400000;21309400000
4406;21367461000;21109400000;21309400000
4407;21367462000;21109400000;21309400000
4408;21367463000;21109400000;21309400000
4409;21367464000;21109400000;21309400000
4410;21450859000;21109400000;21309400000
4431;21450865000;21192711111;21392711111
4432;21534175000;21192711111;21392711111
4453;21534181000;21276100000;21476100000
4454;21617551000;21276100000;21476100000
4475;21617566000;21359377777;21559377777
4476;21700838000;21359377777;21559377777
4497;21700844000;21442777777;21642777777
4498;21783872000;21442777777;21642777777
4516;21783877000;21526155555;21726155555
4517;21783878000;21526155555;21726155555
4518;21783879000;21526155555;21726155555
4519;21783880000;21526155555;21726155555
4520;21867641000;21526155555;21726155555
4541;21867647000;21609422222;21809422222
4542;21950871000;21609422222;21809422222
4565;21950877000;21734433333;21934433333
4566;21950878000;21734433333;21934433333
4567;21950879000;21734433333;21934433333
4571;21983038000;21734433333;21934433333
4572;21983040000;21734433333;21934433333
4573;21983041000;21734433333;21934433333
4574;21983042000;21734433333;21934433333
4575;22075931000;21734433333;21934433333
4593;22075937000;21817733333;22017733333
4594;22075938000;21817733333;22017733333
4595;22075939000;21817733333;22017733333
4596;22075940000;21817733333;22017733333
4597;22159200000;21817733333;22017733333
4619;22242645000;21901144444;22101144444
4642;22274525000;22026155555;22226155555
4643;22274527000;22026155555;22226155555
4644;22274537000;22026155555;22226155555
4645;22274538000;22026155555;22226155555
4646;22274539000;22026155555;22226155555
4647;22274540000;22026155555;22226155555
4648;22274541000;22026155555;22226155555
4649;22274542000;22026155555;22226155555
4650;22274543000;22026155555;22226155555
4653;22409481000;22067766666;22267766666
4669;22450539000;22109455555;22309455555
4681;22492379000;22151122222;22351122222
4688;22533975000;22192722222;22392722222
4706;22575691000;22234444444;22434444444
4715;22617333000;22276166666;22476166666
4726;22659006000;22317766666;22517766666
4733;22700654000;22359400000;22559400000
4748;22742390000;22401133333;22601133333
4755;22783973000;22442733333;22642733333
4771;22825652000;22484411111;22684411111
4779;22867379000;22526122222;22726122222
4794;22908978000;22567722222;22767722222
4803;22950642000;22609388888;22809388888
4818;23034180000;22692711111;22892711111
4838;23075648000;22734422222;22934422222
4843;23117322000;22776088888;22976088888
4852;23158969000;22817711111;23017711111
4858;23159100000;22817711111;23017711111
4859;23159103000;22817711111;23017711111
4860;23159115000;22817711111;23017711111
4861;23159222000;22817711111;23017711111
4862;23159228000;22859366666;23059366666
4863;23159229000;22859366666;23059366666
4864;23159230000;22859366666;23059366666
4865;23159231000;22859366666;23059366666
4866;23159232000;22859366666;23059366666
4867;23159233000;22859366666;23059366666
4868;23159234000;22859366666;23059366666
4869;23159235000;22859366666;23059366666
4870;23159236000;22859366666;23059366666
4871;23159236000;22859366666;23059366666
4872;23200611000;22859366666;23059366666
4873;23200617000;22901111111;23101111111
4874;23200618000;22901111111;23101111111
4875;23200619000;22901111111;23101111111
4876;23200620000;22901111111;23101111111
4877;23200621000;22901111111;23101111111
4879;23242499000;22901111111;23101111111
4880;23242502000;22901111111;23101111111
4881;23242521000;22901111111;23101111111
4882;23242522000;22901111111;23101111111
4883;23242630000;22901111111;23101111111
4884;23242636000;22942733333;23142733333
4885;23242637000;22942733333;23142733333
4886;23242638000;22942733333;23142733333
4887;23242639000;22942733333;23142733333
4888;23242640000;22942733333;23142733333
4889;23242641000;22942733333;23142733333
4890;23242642000;22942733333;23142733333
4891;23242643000;22942733333;23142733333
4892;23242644000;22942733333;23142733333
4893;23242645000;22942733333;23142733333
4894;23283969000;22942733333;23142733333
4895;23283982000;22984388888;23184388888
4896;23283983000;22984388888;23184388888
4897;23283984000;22984388888;23184388888
4898;23283985000;22984388888;23184388888
4899;23283986000;22984388888;23184388888
4900;23283987000;22984388888;23184388888
4901;23283988000;22984388888;23184388888
4902;23283989000;22984388888;23184388888
4903;23283989000;22984388888;23184388888
4904;23283990000;22984388888;23184388888
4905;23325626000;22984388888;23184388888
4906;23325632000;23026100000;23226100000
4907;23325633000;23026100000;23226100000
4908;23325634000;23026100000;23226100000
4909;23325635000;23026100000;23226100000
4910;23325636000;23026100000;23226100000
4911;23325637000;23026100000;23226100000
4912;23325638000;23026100000;23226100000
4913;23325639000;23026100000;23226100000
4914;23325640000;23026100000;23226100000
4915;23325641000;23026100000;23226100000
4916;23367354000;23026100000;23226100000
4917;23367360000;23067755555;23267755555
4918;23367361000;23067755555;23267755555
4919;23367362000;23067755555;23267755555
4920;23367363000;23067755555;23267755555
4921;23367363000;23067755555;23267755555
4922;23367364000;23067755555;23267755555
4923;23367365000;23067755555;23267755555
4924;23367366000;23067755555;23267755555
4925;23367367000;23067755555;23267755555
4926;23367368000;23067755555;23267755555
4927;23408977000;23067755555;23267755555
4928;23408983000;23109411111;23309411111
4929;23408984000;23109411111;23309411111
4930;23408985000;23109411111;23309411111
4931;23408986000;23109411111;23309411111
4932;23408987000;23109411111;23309411111
4933;23408988000;23109411111;23309411111
4934;23408989000;23109411111;23309411111
4935;23408990000;23109411111;23309411111
4936;23408991000;23109411111;23309411111
4937;23408992000;23109411111;23309411111
4938;23450648000;23109411111;23309411111
4939;23450653000;23151088888;23351088888
4940;23450654000;23151088888;23351088888
4941;23450656000;23151088888;23351088888
4942;23450657000;23151088888;23351088888
4943;23450657000;23151088888;23351088888
4944;23450658000;23151088888;23351088888
4945;23450659000;23151088888;23351088888
4946;23450660000;23151088888;23351088888
4947;23450661000;23151088888;23351088888
4948;23450662000;23151088888;23351088888
4949;23492327000;23151088888;23351088888
4950;23492333000;23192722222;23392722222
4951;23492334000;23192722222;23392722222
4952;23492335000;23192722222;23392722222
4953;23492336000;23192722222;23392722222
4954;23492337000;23192722222;23392722222
4955;23492338000;23192722222;23392722222
4956;23492339000;23192722222;23392722222
4957;23492340000;23192722222;23392722222
4958;23492341000;23192722222;23392722222
4959;23502622000;23192722222;23392722222
4960;23533924000;23192722222;23392722222
4961;23533929000;23234400000;23434400000
4962;23533930000;23234400000;23434400000
4963;23533931000;23234400000;23434400000
4964;23533932000;23234400000;23434400000
4965;23533933000;23234400000;23434400000
4966;23533934000;23234400000;23434400000
4967;23533935000;23234400000;23434400000
4968;23533936000;23234400000;23434400000
4969;23533937000;23234400000;23434400000
4970;23533938000;23234400000;23434400000
4971;23575637000;23234400000;23434400000
4972;23575642000;23276122222;23476122222
4973;23575643000;23276122222;23476122222
4974;23575644000;23276122222;23476122222
4975;23575645000;23276122222;23476122222
4976;23575646000;23276122222;23476122222
4977;23584732000;23276122222;23476122222
4978;23592177000;23276122222;23476122222
4979;23592179000;23276122222;23476122222
4980;23592180000;23276122222;23476122222
4981;23592181000;23276122222;23476122222
4982;23617291000;23276122222;23476122222
4983;23617297000;23317733333;23517733333
4984;23617298000;23317733333;23517733333
4985;23617299000;23317733333;23517733333
4986;23631362000;23317733333;23517733333
4987;23631668000;23317733333;23517733333
4988;23631912000;23317733333;23517733333
4990;23665621000;23317733333;23517733333
4992;23671409000;23317733333;23517733333
4993;23671655000;23317733333;23517733333
4994;23671661000;23359400000;23559400000
4995;23671750000;23359400000;23559400000
4996;23672192000;23359400000;23559400000
4997;23672976000;23359400000;23559400000
4998;23678497000;23359400000;23559400000
4999;23712233000;23359400000;23559400000
5000;23712412000;23359400000;23559400000
5001;23718549000;23359400000;23559400000
5002;23746237000;23359400000;23559400000
5003;23746429000;23359400000;23559400000
5004;23751894000;23359400000;23559400000
5005;23752409000;23401100000;23601100000
5006;23752411000;23401100000;23601100000
5007;23752638000;23401100000;23601100000
5008;23752861000;23401100000;23601100000
5009;23753649000;23401100000;23601100000
5010;23759442000;23401100000;23601100000
5011;23759711000;23401100000;23601100000
5012;23759713000;23401100000;23601100000
5013;23759903000;23401100000;23601100000
5014;23799829000;23401100000;23601100000
5015;23800048000;23401100000;23601100000
5016;23800062000;23442733333;23642733333
5017;23800203000;23442733333;23642733333
5018;23833037000;23442733333;23642733333
5019;23833234000;23442733333;23642733333
5020;23833430000;23442733333;23642733333
5021;23834452000;23442733333;23642733333
5022;23840296000;23442733333;23642733333
5023;23840533000;23442733333;23642733333
5024;23840540000;23442733333;23642733333
5025;23840742000;23442733333;23642733333
5026;23841292000;23442733333;23642733333
5027;23841308000;23484388888;23684388888
5028;23880850000;23484388888;23684388888
5029;23881090000;23484388888;23684388888
5030;23913832000;23484388888;23684388888
5032;23914255000;23484388888;23684388888
5033;23915076000;23484388888;23684388888
5034;23920935000;23484388888;23684388888
5035;23921150000;23484388888;23684388888
5036;23921384000;23484388888;23684388888
5037;23921405000;23484388888;23684388888
5038;23921981000;23526100000;23726100000
5039;23921983000;23526100000;23726100000
5040;23961669000;23526100000;23726100000
5041;23961855000;23526100000;23726100000
5042;23967679000;23526100000;23726100000
5043;23967899000;23526100000;23726100000
5044;23994425000;23526100000;23726100000
5045;23994897000;23526100000;23726100000
5046;23995110000;23526100000;23726100000
5049;24002229000;23567711111;23767711111
5050;24002642000;23567711111;23767711111
5051;24002885000;23567711111;23767711111
5052;24008433000;23567711111;23767711111
5053;24008693000;23567711111;23767711111
5054;24008695000;23567711111;23767711111
5055;24008853000;23567711111;23767711111
5056;24048958000;23567711111;23767711111
5057;24049144000;23567711111;23767711111
5058;24049146000;23567711111;23767711111
5059;24049389000;23567711111;23767711111
5060;24082776000;23609377777;23809377777
5061;24082965000;23609377777;23809377777
5062;24082967000;23609377777;23809377777
5063;24083693000;23609377777;23809377777
5064;24089255000;23609377777;23809377777
5065;24089471000;23609377777;23809377777
5066;24089762000;23609377777;23809377777
5067;24089766000;23609377777;23809377777
5068;24090284000;23609377777;23809377777
5069;24090479000;23609377777;23809377777
5070;24129815000;23609377777;23809377777
5071;24130037000;23651088888;23851088888
5072;24163572000;23651088888;23851088888
5073;24163820000;23651088888;23851088888
5074;24163822000;23651088888;23851088888
5075;24164225000;23651088888;23851088888
5076;24170180000;23651088888;23851088888
5077;24170393000;23651088888;23851088888
5078;24170395000;23651088888;23851088888
5079;24170572000;23651088888;23851088888
5080;24171081000;23651088888;23851088888
5081;24171093000;23651088888;23851088888
5082;24210461000;23692733333;23892733333
5083;24210888000;23692733333;23892733333
5084;24216824000;23692733333;23892733333
5085;24217026000;23692733333;23892733333
5086;24244309000;23692733333;23892733333
5087;24244489000;23692733333;23892733333
5088;24244491000;23692733333;23892733333
5089;24251779000;23692733333;23892733333
5090;24251969000;23692733333;23892733333
5091;24257549000;23692733333;23892733333
5092;24257809000;23692733333;23892733333
5093;24257813000;23734400000;23934400000
5094;24257964000;23734400000;23934400000
5095;24257966000;23734400000;23934400000
5096;24258168000;23734400000;23934400000
5097;24258377000;23734400000;23934400000
5098;24298141000;23734400000;23934400000
5099;24298478000;23734400000;23934400000
5100;24298703000;23734400000;23934400000
5101;24298705000;23734400000;23934400000
5102;24298924000;23734400000;23934400000
5103;24298946000;23734400000;23934400000
5104;24299127000;23776088888;23976088888
5105;24338375000;23776088888;23976088888
5106;24338601000;23776088888;23976088888
5108;24338638000;23776088888;23976088888
5109;24338848000;23776088888;23976088888
5110;24339112000;23776088888;23976088888
5111;24345259000;23776088888;23976088888
5112;24345272000;23776088888;23976088888
5113;24378747000;23776088888;23976088888
5114;24379374000;23776088888;23976088888
5115;24379618000;23817722222;24017722222
5116;24379620000;23817722222;24017722222
5117;24379839000;23817722222;24017722222
5118;24379841000;23817722222;24017722222
5119;24380121000;23817722222;24017722222
5120;24385263000;23817722222;24017722222
5121;24385456000;23817722222;24017722222
5122;24385458000;23817722222;24017722222
5123;24385748000;23817722222;24017722222
5124;24385750000;23817722222;24017722222
5125;24385771000;23817722222;24017722222
5126;24385995000;23859366666;24059366666
5127;24426050000;23859366666;24059366666
5128;24426052000;23859366666;24059366666
5129;24426053000;23859366666;24059366666
5130;24426268000;23859366666;24059366666
5131;24426271000;23859366666;24059366666
5132;24426498000;23859366666;24059366666
5133;24426510000;23859366666;24059366666
5134;24460280000;23859366666;24059366666
5135;24460282000;23859366666;24059366666
5136;24465313000;23859366666;24059366666
5137;24465742000;23901088888;24101088888
5138;24466121000;23901088888;24101088888
5139;24466254000;23901088888;24101088888
5140;24466502000;23901088888;24101088888
5141;24467173000;23901088888;24101088888
5142;24467310000;23901088888;24101088888
5143;24467313000;23901088888;24101088888
5144;24467547000;23901088888;24101088888
5145;24506802000;23901088888;24101088888
5146;24506804000;23901088888;24101088888
5147;24507012000;23901088888;24101088888
5148;24507015000;23942733333;24142733333
5149;24507195000;23942733333;24142733333
5150;24507325000;23942733333;24142733333
5151;24507985000;23942733333;24142733333
5152;24507987000;23942733333;24142733333
5153;24508215000;23942733333;24142733333
5154;24508218000;23942733333;24142733333
5156;24541063000;23942733333;24142733333
5157;24546997000;23942733333;24142733333
5158;24547309000;23942733333;24142733333
5159;24547451000;23984388888;24184388888
5160;24547716000;23984388888;24184388888
5161;24547920000;23984388888;24184388888
5162;24548158000;23984388888;24184388888
5163;24553139000;23984388888;24184388888
5164;24553324000;23984388888;24184388888
5165;24553326000;23984388888;24184388888
5166;24553415000;23984388888;24184388888
5167;24553673000;23984388888;24184388888
5168;24553675000;23984388888;24184388888
5169;24553938000;23984388888;24184388888
5170;24588214000;24026100000;24226100000
5171;24588887000;24026100000;24226100000
5172;24588889000;24026100000;24226100000
5173;24589128000;24026100000;24226100000
5174;24589130000;24026100000;24226100000
5175;24594160000;24026100000;24226100000
5176;24594330000;24026100000;24226100000
5177;24627607000;24026100000;24226100000
5178;24627844000;24026100000;24226100000
5179;24628073000;24026100000;24226100000
5180;24628093000;24026100000;24226100000
5181;24628495000;24067733333;24267733333
5182;24633861000;24067733333;24267733333
5183;24634074000;24067733333;24267733333
5184;24634092000;24067733333;24267733333
5185;24634097000;24067733333;24267733333
5186;24634322000;24067733333;24267733333
5187;24634333000;24067733333;24267733333
5188;24634592000;24067733333;24267733333
5189;24634612000;24067733333;24267733333
5190;24635595000;24067733333;24267733333
5191;24635618000;24067733333;24267733333
5193;24635658000;24109400000;24309400000
5194;24669529000;24109400000;24309400000
5195;24674053000;24109400000;24309400000
5196;24675097000;24109400000;24309400000
5197;24675103000;24109400000;24309400000
5198;24675376000;24109400000;24309400000
5199;24675593000;24109400000;24309400000
5200;24675833000;24109400000;24309400000
5201;24675841000;24109400000;24309400000
5202;24676151000;24109400000;24309400000
5203;24676171000;24151100000;24351100000
5204;24708710000;24151100000;24351100000
5205;24708712000;24151100000;24351100000
5206;24708955000;24151100000;24351100000
5207;24708958000;24151100000;24351100000
5208;24714590000;24151100000;24351100000
5209;24714841000;24151100000;24351100000
5210;24714995000;24151100000;24351100000
5211;24715204000;24151100000;24351100000
5212;24715209000;24151100000;24351100000
5213;24716529000;24151100000;24351100000
5214;24716810000;24192722222;24392722222
5215;24716812000;24192722222;24392722222
5216;24717072000;24192722222;24392722222
5217;24750329000;24192722222;24392722222
5218;24754885000;24192722222;24392722222
5219;24755679000;24192722222;24392722222
5220;24755899000;24192722222;24392722222
5221;24755900000;24192722222;24392722222
5222;24756275000;24192722222;24392722222
5225;24757319000;24234388888;24434388888
5226;24757321000;24234388888;24434388888
5227;24789417000;24234388888;24434388888
5228;24789591000;24234388888;24434388888
5229;24789593000;24234388888;24434388888
5230;24789815000;24234388888;24434388888
5231;24790031000;24234388888;24434388888
5234;24796012000;24234388888;24434388888
5235;24796043000;24234388888;24434388888
5236;24796244000;24276111111;24476111111
5238;24796628000;24276111111;24476111111
5239;24796978000;24276111111;24476111111
5240;24797559000;24276111111;24476111111
5242;24803306000;24276111111;24476111111
5243;24807803000;24276111111;24476111111
5244;24835526000;24276111111;24476111111
5245;24835742000;24276111111;24476111111
5246;24836565000;24276111111;24476111111
5247;24837234000;24317733333;24517733333
5248;24837702000;24317733333;24517733333
5250;24837931000;24317733333;24517733333
5251;24838269000;24317733333;24517733333
5252;24843603000;24317733333;24517733333
5253;24843605000;24317733333;24517733333
5254;24870596000;24317733333;24517733333
5255;24870598000;24317733333;24517733333
5256;24870857000;24317733333;24517733333
5258;24876477000;24359366666;24559366666
5259;24876677000;24359366666;24559366666
5260;24876680000;24359366666;24559366666
5261;24876872000;24359366666;24559366666
5262;24877085000;24359366666;24559366666
5263;24877088000;24359366666;24559366666
5264;24877272000;24359366666;24559366666
5265;24877483000;24359366666;24559366666
5266;24883041000;24359366666;24559366666
5267;24883056000;24359366666;24559366666
5268;24884492000;24359366666;24559366666
5269;24884495000;24401088888;24601088888
5270;24884673000;24401088888;24601088888
5271;24884876000;24401088888;24601088888
5272;24884878000;24401088888;24601088888
5273;24916526000;24401088888;24601088888
5274;24917375000;24401088888;24601088888
5275;24917941000;24401088888;24601088888
5278;24918388000;24401088888;24601088888
5279;24918918000;24401088888;24601088888
5280;24924674000;24442722222;24642722222
5281;24924966000;24442722222;24642722222
5282;24925166000;24442722222;24642722222
5283;24925168000;24442722222;24642722222
5284;24925383000;24442722222;24642722222
5285;24951370000;24442722222;24642722222
5286;24951544000;24442722222;24642722222
5288;24956994000;24442722222;24642722222
5289;24957549000;24442722222;24642722222
5290;24957815000;24442722222;24642722222
5292;24958208000;24484377777;24684377777
5293;24958476000;24484377777;24684377777
5294;24963788000;24484377777;24684377777
5295;24963995000;24484377777;24684377777
5297;24965456000;24484377777;24684377777
5298;24965459000;24484377777;24684377777
5299;24966089000;24484377777;24684377777
5300;24997851000;24484377777;24684377777
5301;24998531000;24484377777;24684377777
5302;24998788000;24526122222;24726122222
5303;24998790000;24526122222;24726122222
5304;24998791000;24526122222;24726122222
5307;24999023000;24526122222;24726122222
5308;25005220000;24526122222;24726122222
5309;25005602000;24526122222;24726122222
5310;25005998000;24526122222;24726122222
5311;25006000000;24526122222;24726122222
5312;25006236000;24526122222;24726122222
5313;25006248000;24567711111;24767711111
5314;25012081000;24567711111;24767711111
5315;25012083000;24567711111;24767711111
5316;25032314000;24567711111;24767711111
5317;25032325000;24567711111;24767711111
5318;25037683000;24567711111;24767711111
5319;25037685000;24567711111;24767711111
5320;25038683000;24567711111;24767711111
5321;25038894000;24567711111;24767711111
5322;25039093000;24567711111;24767711111
5323;25044508000;24567711111;24767711111
5324;25044760000;24609400000;24809400000
5325;25045924000;24609400000;24809400000
5327;25046166000;24609400000;24809400000
5328;25046880000;24609400000;24809400000
5329;25052670000;24609400000;24809400000
5330;25052672000;24609400000;24809400000
5334;25079413000;24609400000;24809400000
5335;25079594000;24651088888;24851088888
5336;25079807000;24651088888;24851088888
5337;25086424000;24651088888;24851088888
5338;25086426000;24651088888;24851088888
5339;25086664000;24651088888;24851088888
5340;25086866000;24651088888;24851088888
5341;25086877000;24651088888;24851088888
5342;25091404000;24651088888;24851088888
5343;25091604000;24651088888;24851088888
5344;25093643000;24651088888;24851088888
5345;25113111000;24651088888;24851088888
5346;25113173000;24692722222;24892722222
5347;25113370000;24692722222;24892722222
5349;25118410000;24692722222;24892722222
5350;25119706000;24692722222;24892722222
5351;25119709000;24692722222;24892722222
5353;25125387000;24692722222;24892722222
5354;25125654000;24692722222;24892722222
5355;25127007000;24692722222;24892722222
5356;25127095000;24692722222;24892722222
5358;25127100000;24734388888;24934388888
5359;25127472000;24734388888;24934388888
5360;25134163000;24734388888;24934388888
5361;25134166000;24734388888;24934388888
5362;25159837000;24734388888;24934388888
5363;25160069000;24734388888;24934388888
5364;25160071000;24734388888;24934388888
5365;25160344000;24734388888;24934388888
5366;25160472000;24734388888;24934388888
5368;25167274000;24776088888;24976088888
5369;25167334000;24776088888;24976088888
5370;25167501000;24776088888;24976088888
5371;25167538000;24776088888;24976088888
5372;25167762000;24776088888;24976088888
5373;25172159000;24776088888;24976088888
5374;25172394000;24776088888;24976088888
5375;25174440000;24776088888;24976088888
5376;25193950000;24776088888;24976088888
5377;25193953000;24776088888;24976088888
5378;25194213000;24776088888;24976088888
5379;25199173000;24817722222;25017722222
5380;25199176000;24817722222;25017722222
5381;25200379000;24817722222;25017722222
5382;25200595000;24817722222;25017722222
5384;25205886000;24817722222;25017722222
5385;25206309000;24817722222;25017722222
5386;25207629000;24817722222;25017722222
5387;25207898000;24817722222;25017722222
5388;25207900000;24817722222;25017722222
5389;25208127000;24817722222;25017722222
5390;25208357000;24859366666;25059366666
5391;25214925000;24859366666;25059366666
5392;25215204000;24859366666;25059366666
5394;25241051000;24859366666;25059366666
5395;25241054000;24859366666;25059366666
5396;25241305000;24859366666;25059366666
5398;25247611000;24859366666;25059366666
5399;25247915000;24859366666;25059366666
5400;25248195000;24859366666;25059366666
5401;25248200000;24901066666;25101066666
5402;25248459000;24901066666;25101066666
5403;25248667000;24901066666;25101066666
5404;25248839000;24901066666;25101066666
5405;25252889000;24901066666;25101066666
5406;25254353000;24901066666;25101066666
5407;25255782000;24901066666;25101066666
5408;25261456000;24901066666;25101066666
5409;25274677000;24901066666;25101066666
5410;25274892000;24901066666;25101066666
5411;25279855000;24901066666;25101066666
5412;25280040000;24942722222;25142722222
5413;25281350000;24942722222;25142722222
5414;25281582000;24942722222;25142722222
5415;25286332000;24942722222;25142722222
5416;25286653000;24942722222;25142722222
5417;25286655000;24942722222;25142722222
5418;25288442000;24942722222;25142722222
5419;25288656000;24942722222;25142722222
5420;25288658000;24942722222;25142722222
5422;25288878000;24942722222;25142722222
5423;25295922000;24984388888;25184388888
5424;25296131000;24984388888;25184388888
5425;25296290000;24984388888;25184388888
5426;25302267000;24984388888;25184388888
5427;25321681000;24984388888;25184388888
5428;25321924000;24984388888;25184388888
5429;25322116000;24984388888;25184388888
5431;25328108000;24984388888;25184388888
5432;25328463000;24984388888;25184388888
5433;25328799000;24984388888;25184388888
5434;25328934000;25026088888;25226088888
5435;25329183000;25026088888;25226088888
5436;25329469000;25026088888;25226088888
5437;25329708000;25026088888;25226088888
5438;25333622000;25026088888;25226088888
5439;25335113000;25026088888;25226088888
5440;25336486000;25026088888;25226088888
5441;25351599000;25026088888;25226088888
5443;25367128000;25026088888;25226088888
5444;25367210000;25026088888;25226088888
5445;25367224000;25067744444;25267744444
5446;25367225000;25067744444;25267744444
5447;25367226000;25067744444;25267744444
5448;25367227000;25067744444;25267744444
5449;25367228000;25067744444;25267744444
5450;25367340000;25067744444;25267744444
5451;25367489000;25067744444;25267744444
5452;25367725000;25067744444;25267744444
5453;25369155000;25067744444;25267744444
5454;25369368000;25067744444;25267744444
5455;25409000000;25067744444;25267744444
5456;25409006000;25109400000;25309400000
5457;25409007000;25109400000;25309400000
5458;25409008000;25109400000;25309400000
5459;25409009000;25109400000;25309400000
5460;25409010000;25109400000;25309400000
5461;25409011000;25109400000;25309400000
5462;25409012000;25109400000;25309400000
5463;25409012000;25109400000;25309400000
5464;25409013000;25109400000;25309400000
5465;25409014000;25109400000;25309400000
5466;25450668000;25109400000;25309400000
5467;25450674000;25151066666;25351066666
5468;25450675000;25151066666;25351066666
5469;25450676000;25151066666;25351066666
5470;25450677000;25151066666;25351066666
5471;25450678000;25151066666;25351066666
5472;25450679000;25151066666;25351066666
5475;25492408000;25151066666;25351066666
5477;25492520000;25151066666;25351066666
5478;25492527000;25192711111;25392711111
5479;25492528000;25192711111;25392711111
5480;25492529000;25192711111;25392711111
5481;25492539000;25192711111;25392711111
5482;25492540000;25192711111;25392711111
5483;25492541000;25192711111;25392711111
5484;25492542000;25192711111;25392711111
5485;25492543000;25192711111;25392711111
5486;25492544000;25192711111;25392711111
5487;25492545000;25192711111;25392711111
5488;25533937000;25192711111;25392711111
5489;25533943000;25234411111;25434411111
5490;25533944000;25234411111;25434411111
5491;25533945000;25234411111;25434411111
5492;25533946000;25234411111;25434411111
5493;25533947000;25234411111;25434411111
5494;25533948000;25234411111;25434411111
5495;25533949000;25234411111;25434411111
5498;25575793000;25234411111;25434411111
5499;25575911000;25234411111;25434411111
