seqnum;now;rtptime;deadline;packet_len;payload_len
0;12114236000;11282611111;11782611111;10240;10228
1;12114407000;11282611111;11782611111;10240;10228
2;12114417000;11282611111;11782611111;10240;10228
0;12114478000;11282611111;11782611111;10240;10228
3;12114537000;11313833333;11813833333;10240;10228
1;12114707000;11282611111;11782611111;10240;10228
2;12114712000;11282611111;11782611111;10240;10228
3;12114730000;11313833333;11813833333;10240;10228
4;12114734000;11313833333;11813833333;10240;10228
5;12114741000;11313833333;11813833333;10240;10228
6;12114952000;11313833333;11813833333;10240;10228
4;12114958000;11313833333;11813833333;10240;10228
5;12114962000;11313833333;11813833333;10240;10228
7;12115152000;11313833333;11813833333;10240;10228
8;12115157000;11313833333;11813833333;10240;10228
6;12115221000;11313833333;11813833333;10240;10228
7;12115242000;11313833333;11813833333;10240;10228
9;12115342000;11313833333;11813833333;10240;10228
10;12115353000;11313855555;11813855555;10240;10228
8;12115481000;11313833333;11813833333;10240;10228
9;12115494000;11313833333;11813833333;10240;10228
11;12115571000;11314200000;11814200000;10240;10228
12;12115605000;11314200000;11814200000;10240;10228
10;12115746000;11313855555;11813855555;10240;10228
11;12115757000;11314200000;11814200000;10240;10228
13;12115762000;11314200000;11814200000;10240;10228
14;12115766000;11355488888;11855488888;10240;10228
15;12116006000;11355488888;11855488888;10240;10228
16;12116019000;11355488888;11855488888;10240;10228
12;12116024000;11314200000;11814200000;10240;10228
13;12116030000;11314200000;11814200000;10240;10228
14;12116033000;11355488888;11855488888;10240;10228
17;12116214000;11355488888;11855488888;10240;10228
15;12116223000;11355488888;11855488888;10240;10228
18;12116397000;11355488888;11855488888;10240;10228
19;12116410000;11355488888;11855488888;10240;10228
16;12116467000;11355488888;11855488888;10240;10228
17;12116477000;11355488888;11855488888;10240;10228
18;12116483000;11355488888;11855488888;10240;10228
20;12116594000;11355488888;11855488888;10240;10228
21;12116603000;11355500000;11855500000;10240;10228
19;12116742000;11355488888;11855488888;10240;10228
20;12116763000;11355488888;11855488888;10240;10228
22;12116833000;11355900000;11855900000;10240;10228
23;12116853000;11355900000;11855900000;10240;10228
21;12117011000;11355500000;11855500000;10240;10228
22;12117021000;11355900000;11855900000;10240;10228
24;12117036000;11355900000;11855900000;10240;10228
25;12117254000;11397144444;11897144444;10240;10228
26;12117262000;11397144444;11897144444;10240;10228
23;12117275000;11355900000;11855900000;10240;10228
24;12117280000;11355900000;11855900000;10240;10228
27;12117404000;11397144444;11897144444;10240;10228
28;12117409000;11397144444;11897144444;10240;10228
25;12117462000;11397144444;11897144444;10240;10228
26;12117468000;11397144444;11897144444;10240;10228
29;12117678000;11397144444;11897144444;10240;10228
30;12117683000;11397144444;11897144444;10240;10228
27;12117756000;11397144444;11897144444;10240;10228
28;12117771000;11397144444;11897144444;10240;10228
31;12117845000;11397144444;11897144444;10240;10228
32;12117850000;11397166666;11897166666;10240;10228
29;12117963000;11397144444;11897144444;10240;10228
30;12117971000;11397144444;11897144444;10240;10228
31;12117978000;11397144444;11897144444;10240;10228
33;12118035000;11397500000;11897500000;10240;10228
32;12118195000;11397166666;11897166666;10240;10228
33;12118211000;11397500000;11897500000;10240;10228
34;12118218000;11397500000;11897500000;10240;10228
35;12118228000;11397500000;11897500000;10240;10228
36;12118428000;11438822222;11938822222;10240;10228
37;12118434000;11438822222;11938822222;10240;10228
34;12118451000;11397500000;11897500000;10240;10228
35;12118457000;11397500000;11897500000;10240;10228
38;12118668000;11438822222;11938822222;10240;10228
36;12118758000;11438822222;11938822222;10240;10228
37;12118763000;11438822222;11938822222;10240;10228
38;12118997000;11438822222;11938822222;10240;10228
39;12119003000;11438822222;11938822222;10240;10228
39;12354725000;11438822222;11938822222;10240;10228
40;12354912000;11438822222;11938822222;10240;10228
40;12355031000;11438822222;11938822222;10240;10228
41;12355078000;11438822222;11938822222;10240;10228
41;12355280000;11438822222;11938822222;10240;10228
42;12355291000;11438822222;11938822222;10240;10228
43;12355297000;11438833333;11938833333;10240;10228
42;12355303000;11438822222;11938822222;10240;10228
43;12355523000;11438833333;11938833333;10240;10228
44;12355535000;11439177777;11939177777;10240;10228
44;12355540000;11439177777;11939177777;10240;10228
45;12355544000;11439177777;11939177777;10240;10228
45;12355730000;11439177777;11939177777;10240;10228
46;12355741000;11439177777;11939177777;10240;10228
47;12355747000;11480477777;11980477777;10240;10228
46;12355923000;11439177777;11939177777;10240;10228
47;12355945000;11480477777;11980477777;10240;10228
48;12356026000;11480477777;11980477777;10240;10228
49;12356046000;11480477777;11980477777;10240;10228
48;12356128000;11480477777;11980477777;10240;10228
49;12356149000;11480477777;11980477777;10240;10228
50;12356274000;11480477777;11980477777;10240;10228
51;12356285000;11480477777;11980477777;10240;10228
50;12356289000;11480477777;11980477777;10240;10228
52;12356493000;11480477777;11980477777;10240;10228
53;12356504000;11480477777;11980477777;10240;10228
51;12356508000;11480477777;11980477777;10240;10228
52;12356513000;11480477777;11980477777;10240;10228
53;12356752000;11480477777;11980477777;10240;10228
54;12356772000;11480500000;11980500000;10240;10228
55;12356777000;11480822222;11980822222;10240;10228
54;12356952000;11480500000;11980500000;10240;10228
56;12356988000;11480822222;11980822222;10240;10228
57;12356995000;11480822222;11980822222;10240;10228
55;12357146000;11480822222;11980822222;10240;10228
58;12357243000;11522155555;12022155555;10240;10228
59;12357253000;11522155555;12022155555;10240;10228
56;12357327000;11480822222;11980822222;10240;10228
60;12357489000;11522155555;12022155555;10240;10228
61;12357501000;11522155555;12022155555;10240;10228
57;12357507000;11480822222;11980822222;10240;10228
58;12357771000;11522155555;12022155555;10240;10228
62;12357782000;11522155555;12022155555;10240;10228
63;12357796000;11522155555;12022155555;10240;10228
64;12357800000;11522155555;12022155555;10240;10228
59;12357971000;11522155555;12022155555;10240;10228
65;12357982000;11522166666;12022166666;10240;10228
66;12357987000;11522466666;12022466666;10240;10228
60;12358180000;11522155555;12022155555;10240;10228
61;12358189000;11522155555;12022155555;10240;10228
67;12358254000;11522466666;12022466666;10240;10228
68;12358265000;11522466666;12022466666;10240;10228
62;12358350000;11522155555;12022155555;10240;10228
69;12358487000;11563822222;12063822222;10240;10228
70;12358494000;11563822222;12063822222;10240;10228
63;12358548000;11522155555;12022155555;10240;10228
64;12358554000;11522155555;12022155555;10240;10228
65;12358773000;11522166666;12022166666;10240;10228
71;12358781000;11563822222;12063822222;10240;10228
72;12358785000;11563822222;12063822222;10240;10228
73;12358788000;11563822222;12063822222;10240;10228
66;12358995000;11522466666;12022466666;10240;10228
67;12359001000;11522466666;12022466666;10240;10228
74;12359006000;11563822222;12063822222;10240;10228
68;12359195000;11522466666;12022466666;10240;10228
69;12359201000;11563822222;12063822222;10240;10228
75;12359250000;11563822222;12063822222;10240;10228
76;12359256000;11563833333;12063833333;10240;10228
77;12359260000;11564177777;12064177777;10240;10228
78;12359495000;11564177777;12064177777;10240;10228
79;12359499000;11564177777;12064177777;10240;10228
80;12359772000;11605488888;12105488888;10240;10228
81;12359777000;11605488888;12105488888;10240;10228
82;12360023000;11605488888;12105488888;10240;10228
83;12360029000;11605488888;12105488888;10240;10228
84;12360274000;11605488888;12105488888;10240;10228
85;12360280000;11605488888;12105488888;10240;10228
86;12360489000;11605488888;12105488888;10240;10228
70;12386734000;11563822222;12063822222;10240;10228
87;12386966000;11605500000;12105500000;10240;10228
71;12595404000;11563822222;12063822222;10240;10228
72;12595571000;11563822222;12063822222;10240;10228
88;12595712000;11605822222;12105822222;10240;10228
89;12595970000;11605822222;12105822222;10240;10228
90;12595983000;11605822222;12105822222;10240;10228
73;12595988000;11563822222;12063822222;10240;10228
74;12596193000;11563822222;12063822222;10240;10228
91;12596336000;11647155555;12147155555;10240;10228
92;12596348000;11647155555;12147155555;10240;10228
75;12596354000;11563822222;12063822222;10240;10228
76;12596364000;11563833333;12063833333;10240;10228
93;12596557000;11647155555;12147155555;10240;10228
94;12596566000;11647155555;12147155555;10240;10228
77;12596571000;11564177777;12064177777;10240;10228
78;12596822000;11564177777;12064177777;10240;10228
79;12596833000;11564177777;12064177777;10240;10228
95;12596837000;11647155555;12147155555;10240;10228
96;12596842000;11647155555;12147155555;10240;10228
80;12597013000;11605488888;12105488888;10240;10228
81;12597023000;11605488888;12105488888;10240;10228
97;12597044000;11647155555;12147155555;10240;10228
98;12597051000;11647166666;12147166666;10240;10228
82;12597228000;11605488888;12105488888;10240;10228
99;12597342000;11647466666;12147466666;10240;10228
100;12597353000;11647466666;12147466666;10240;10228
101;12597562000;11647466666;12147466666;10240;10228
102;12597573000;11688811111;12188811111;10240;10228
83;12597577000;11605488888;12105488888;10240;10228
84;12597814000;11605488888;12105488888;10240;10228
103;12597823000;11688811111;12188811111;10240;10228
104;12597839000;11688811111;12188811111;10240;10228
85;12598014000;11605488888;12105488888;10240;10228
86;12598024000;11605488888;12105488888;10240;10228
87;12598029000;11605500000;12105500000;10240;10228
105;12598032000;11688811111;12188811111;10240;10228
106;12598046000;11688811111;12188811111;10240;10228
88;12598213000;11605822222;12105822222;10240;10228
107;12598312000;11688811111;12188811111;10240;10228
108;12598321000;11688811111;12188811111;10240;10228
109;12598326000;11688833333;12188833333;10240;10228
89;12598398000;11605822222;12105822222;10240;10228
110;12598556000;11689088888;12189088888;10240;10228
111;12598565000;11689088888;12189088888;10240;10228
90;12598577000;11605822222;12105822222;10240;10228
91;12598847000;11647155555;12147155555;10240;10228
92;12598857000;11647155555;12147155555;10240;10228
112;12598862000;11689088888;12189088888;10240;10228
113;12598876000;11730488888;12230488888;10240;10228
93;12599054000;11647155555;12147155555;10240;10228
94;12599063000;11647155555;12147155555;10240;10228
114;12599078000;11730488888;12230488888;10240;10228
115;12599083000;11730488888;12230488888;10240;10228
95;12599249000;11647155555;12147155555;10240;10228
116;12599318000;11730488888;12230488888;10240;10228
117;12599330000;11730488888;12230488888;10240;10228
96;12599420000;11647155555;12147155555;10240;10228
118;12599556000;11730488888;12230488888;10240;10228
119;12599567000;11730488888;12230488888;10240;10228
120;12599572000;11730500000;12230500000;10240;10228
97;12599656000;11647155555;12147155555;10240;10228
98;12599679000;11647166666;12147166666;10240;10228
99;12599855000;11647466666;12147466666;10240;10228
121;12599875000;11730822222;12230822222;10240;10228
122;12599880000;11730822222;12230822222;10240;10228
100;12600069000;11647466666;12147466666;10240;10228
101;12600081000;11647466666;12147466666;10240;10228
123;12600087000;11730822222;12230822222;10240;10228
124;12600092000;11772155555;12272155555;10240;10228
102;12600240000;11688811111;12188811111;10240;10228
125;12600306000;11772155555;12272155555;10240;10228
126;12600317000;11772155555;12272155555;10240;10228
103;12600443000;11688811111;12188811111;10240;10228
127;12600557000;11772155555;12272155555;10240;10228
128;12600568000;11772155555;12272155555;10240;10228
104;12600688000;11688811111;12188811111;10240;10228
129;12600856000;11772155555;12272155555;10240;10228
130;12600868000;11772155555;12272155555;10240;10228
131;12600872000;11772166666;12272166666;10240;10228
105;12600886000;11688811111;12188811111;10240;10228
106;12601098000;11688811111;12188811111;10240;10228
107;12601106000;11688811111;12188811111;10240;10228
132;12601129000;11772466666;12272466666;10240;10228
133;12601133000;11772466666;12272466666;10240;10228
108;12601253000;11688811111;12188811111;10240;10228
134;12601306000;11772466666;12272466666;10240;10228
135;12601312000;11813822222;12313822222;10240;10228
136;12601554000;11813822222;12313822222;10240;10228
137;12601560000;11813822222;12313822222;10240;10228
138;12601834000;11813822222;12313822222;10240;10228
139;12601840000;11813822222;12313822222;10240;10228
140;12602090000;11813822222;12313822222;10240;10228
141;12602108000;11813822222;12313822222;10240;10228
142;12602339000;11813833333;12313833333;10240;10228
109;12627600000;11688833333;12188833333;10240;10228
143;12627983000;11814122222;12314122222;10240;10228
110;12836441000;11689088888;12189088888;10240;10228
111;12836671000;11689088888;12189088888;10240;10228
144;12836710000;11814122222;12314122222;10240;10228
112;12836897000;11689088888;12189088888;10240;10228
145;12837023000;11814122222;12314122222;10240;10228
146;12837034000;11855488888;12355488888;10240;10228
147;12837049000;11855488888;12355488888;10240;10228
113;12837054000;11730488888;12230488888;10240;10228
148;12837243000;11855488888;12355488888;10240;10228
149;12837256000;11855488888;12355488888;10240;10228
114;12837260000;11730488888;12230488888;10240;10228
115;12837265000;11730488888;12230488888;10240;10228
116;12837523000;11730488888;12230488888;10240;10228
150;12837533000;11855488888;12355488888;10240;10228
151;12837538000;11855488888;12355488888;10240;10228
117;12837710000;11730488888;12230488888;10240;10228
118;12837731000;11730488888;12230488888;10240;10228
152;12837830000;11855488888;12355488888;10240;10228
153;12837841000;11855500000;12355500000;10240;10228
119;12837900000;11730488888;12230488888;10240;10228
154;12838063000;11855833333;12355833333;10240;10228
155;12838082000;11855833333;12355833333;10240;10228
120;12838152000;11730500000;12230500000;10240;10228
121;12838161000;11730822222;12230822222;10240;10228
122;12838293000;11730822222;12230822222;10240;10228
156;12838386000;11855833333;12355833333;10240;10228
157;12838397000;11897155555;12397155555;10240;10228
123;12838496000;11730822222;12230822222;10240;10228
158;12838631000;11897155555;12397155555;10240;10228
159;12838652000;11897155555;12397155555;10240;10228
124;12838704000;11772155555;12272155555;10240;10228
125;12838726000;11772155555;12272155555;10240;10228
160;12838915000;11897155555;12397155555;10240;10228
161;12838937000;11897155555;12397155555;10240;10228
126;12838941000;11772155555;12272155555;10240;10228
127;12839173000;11772155555;12272155555;10240;10228
128;12839182000;11772155555;12272155555;10240;10228
162;12839187000;11897155555;12397155555;10240;10228
163;12839191000;11897155555;12397155555;10240;10228
129;12839316000;11772155555;12272155555;10240;10228
130;12839326000;11772155555;12272155555;10240;10228
164;12839331000;11897166666;12397166666;10240;10228
165;12839337000;11897477777;12397477777;10240;10228
131;12839522000;11772166666;12272166666;10240;10228
132;12839533000;11772466666;12272466666;10240;10228
166;12839619000;11897477777;12397477777;10240;10228
167;12839649000;11897477777;12397477777;10240;10228
133;12839796000;11772466666;12272466666;10240;10228
168;12839916000;11938811111;12438811111;10240;10228
169;12839926000;11938811111;12438811111;10240;10228
170;12839932000;11938811111;12438811111;10240;10228
134;12839936000;11772466666;12272466666;10240;10228
171;12840148000;11938811111;12438811111;10240;10228
172;12840159000;11938811111;12438811111;10240;10228
135;12840163000;11813822222;12313822222;10240;10228
136;12840342000;11813822222;12313822222;10240;10228
137;12840352000;11813822222;12313822222;10240;10228
173;12840357000;11938811111;12438811111;10240;10228
174;12840362000;11938811111;12438811111;10240;10228
138;12840546000;11813822222;12313822222;10240;10228
175;12840647000;11938822222;12438822222;10240;10228
176;12840669000;11939144444;12439144444;10240;10228
139;12840806000;11813822222;12313822222;10240;10228
140;12840837000;11813822222;12313822222;10240;10228
177;12840929000;11939144444;12439144444;10240;10228
178;12840959000;11939144444;12439144444;10240;10228
141;12840974000;11813822222;12313822222;10240;10228
142;12840994000;11813833333;12313833333;10240;10228
179;12841174000;11980500000;12480500000;10240;10228
180;12841184000;11980500000;12480500000;10240;10228
143;12841190000;11814122222;12314122222;10240;10228
144;12841194000;11814122222;12314122222;10240;10228
181;12841389000;11980500000;12480500000;10240;10228
182;12841399000;11980500000;12480500000;10240;10228
145;12841404000;11814122222;12314122222;10240;10228
146;12841572000;11855488888;12355488888;10240;10228
147;12841597000;11855488888;12355488888;10240;10228
183;12841601000;11980500000;12480500000;10240;10228
184;12841615000;11980500000;12480500000;10240;10228
148;12841843000;11855488888;12355488888;10240;10228
185;12841873000;11980500000;12480500000;10240;10228
186;12841889000;11980522222;12480522222;10240;10228
187;12841898000;11980866666;12480866666;10240;10228
149;12842041000;11855488888;12355488888;10240;10228
150;12842051000;11855488888;12355488888;10240;10228
188;12842144000;11980866666;12480866666;10240;10228
189;12842154000;11980866666;12480866666;10240;10228
151;12842160000;11855488888;12355488888;10240;10228
190;12842387000;12022155555;12522155555;10240;10228
191;12842399000;12022155555;12522155555;10240;10228
152;12842404000;11855488888;12355488888;10240;10228
153;12842408000;11855500000;12355500000;10240;10228
154;12842620000;11855833333;12355833333;10240;10228
155;12842632000;11855833333;12355833333;10240;10228
192;12842647000;12022155555;12522155555;10240;10228
193;12842651000;12022155555;12522155555;10240;10228
156;12842869000;11855833333;12355833333;10240;10228
194;12842895000;12022155555;12522155555;10240;10228
195;12842906000;12022155555;12522155555;10240;10228
157;12842994000;11897155555;12397155555;10240;10228
158;12843014000;11897155555;12397155555;10240;10228
196;12843106000;12022155555;12522155555;10240;10228
197;12843116000;12022177777;12522177777;10240;10228
198;12843125000;12022455555;12522455555;10240;10228
199;12843338000;12022455555;12522455555;10240;10228
200;12843355000;12022455555;12522455555;10240;10228
201;12843609000;12063822222;12563822222;10240;10228
202;12843616000;12063822222;12563822222;10240;10228
203;12843870000;12063822222;12563822222;10240;10228
204;12843886000;12063822222;12563822222;10240;10228
159;12868694000;11897155555;12397155555;10240;10228
205;12869042000;12063822222;12563822222;10240;10228
160;13077414000;11897155555;12397155555;10240;10228
161;13077632000;11897155555;12397155555;10240;10228
206;13077742000;12063822222;12563822222;10240;10228
162;13077754000;11897155555;12397155555;10240;10228
163;13077758000;11897155555;12397155555;10240;10228
207;13077995000;12063822222;12563822222;10240;10228
208;13078007000;12063833333;12563833333;10240;10228
209;13078012000;12064133333;12564133333;10240;10228
164;13078016000;11897166666;12397166666;10240;10228
165;13078246000;11897477777;12397477777;10240;10228
210;13078258000;12064133333;12564133333;10240;10228
211;13078273000;12064133333;12564133333;10240;10228
166;13078449000;11897477777;12397477777;10240;10228
167;13078458000;11897477777;12397477777;10240;10228
212;13078464000;12105488888;12605488888;10240;10228
213;13078469000;12105488888;12605488888;10240;10228
168;13078602000;11938811111;12438811111;10240;10228
214;13078693000;12105488888;12605488888;10240;10228
215;13078713000;12105488888;12605488888;10240;10228
169;13078839000;11938811111;12438811111;10240;10228
170;13078849000;11938811111;12438811111;10240;10228
216;13078984000;12105488888;12605488888;10240;10228
217;13078994000;12105488888;12605488888;10240;10228
171;13078999000;11938811111;12438811111;10240;10228
172;13079238000;11938811111;12438811111;10240;10228
173;13079249000;11938811111;12438811111;10240;10228
218;13079253000;12105488888;12605488888;10240;10228
219;13079268000;12105500000;12605500000;10240;10228
174;13079470000;11938811111;12438811111;10240;10228
175;13079481000;11938822222;12438822222;10240;10228
220;13079485000;12105833333;12605833333;10240;10228
221;13079491000;12105833333;12605833333;10240;10228
222;13079739000;12105833333;12605833333;10240;10228
223;13079758000;12147166666;12647166666;10240;10228
176;13079764000;11939144444;12439144444;10240;10228
177;13079996000;11939144444;12439144444;10240;10228
178;13080008000;11939144444;12439144444;10240;10228
224;13080012000;12147166666;12647166666;10240;10228
225;13080017000;12147166666;12647166666;10240;10228
179;13080178000;11980500000;12480500000;10240;10228
226;13080192000;12147166666;12647166666;10240;10228
227;13080206000;12147166666;12647166666;10240;10228
180;13080338000;11980500000;12480500000;10240;10228
228;13080472000;12147166666;12647166666;10240;10228
229;13080483000;12147166666;12647166666;10240;10228
181;13080551000;11980500000;12480500000;10240;10228
182;13080560000;11980500000;12480500000;10240;10228
230;13080728000;12147177777;12647177777;10240;10228
231;13080738000;12147488888;12647488888;10240;10228
232;13080743000;12147488888;12647488888;10240;10228
183;13080748000;11980500000;12480500000;10240;10228
184;13080754000;11980500000;12480500000;10240;10228
233;13081005000;12147488888;12647488888;10240;10228
234;13081028000;12188822222;12688822222;10240;10228
185;13081033000;11980500000;12480500000;10240;10228
186;13081266000;11980522222;12480522222;10240;10228
187;13081278000;11980866666;12480866666;10240;10228
235;13081283000;12188822222;12688822222;10240;10228
236;13081287000;12188822222;12688822222;10240;10228
188;13081436000;11980866666;12480866666;10240;10228
237;13081448000;12188822222;12688822222;10240;10228
238;13081453000;12188822222;12688822222;10240;10228
189;13081620000;11980866666;12480866666;10240;10228
190;13081640000;12022155555;12522155555;10240;10228
239;13081767000;12188822222;12688822222;10240;10228
240;13081776000;12188822222;12688822222;10240;10228
191;13081890000;12022155555;12522155555;10240;10228
241;13082010000;12188844444;12688844444;10240;10228
242;13082033000;12189133333;12689133333;10240;10228
243;13082048000;12189133333;12689133333;10240;10228
192;13082052000;12022155555;12522155555;10240;10228
244;13082229000;12189133333;12689133333;10240;10228
193;13082240000;12022155555;12522155555;10240;10228
194;13082453000;12022155555;12522155555;10240;10228
245;13082472000;12230488888;12730488888;10240;10228
246;13082478000;12230488888;12730488888;10240;10228
195;13082684000;12022155555;12522155555;10240;10228
196;13082697000;12022155555;12522155555;10240;10228
247;13082701000;12230488888;12730488888;10240;10228
248;13082707000;12230488888;12730488888;10240;10228
249;13082711000;12230488888;12730488888;10240;10228
197;13082899000;12022177777;12522177777;10240;10228
198;13082930000;12022455555;12522455555;10240;10228
250;13083022000;12230488888;12730488888;10240;10228
251;13083043000;12230488888;12730488888;10240;10228
199;13083111000;12022455555;12522455555;10240;10228
252;13083191000;12230500000;12730500000;10240;10228
253;13083210000;12230833333;12730833333;10240;10228
200;13083229000;12022455555;12522455555;10240;10228
254;13083446000;12230833333;12730833333;10240;10228
255;13083457000;12230833333;12730833333;10240;10228
201;13083465000;12063822222;12563822222;10240;10228
202;13083670000;12063822222;12563822222;10240;10228
203;13083680000;12063822222;12563822222;10240;10228
256;13083697000;12272155555;12772155555;10240;10228
257;13083703000;12272155555;12772155555;10240;10228
204;13083875000;12063822222;12563822222;10240;10228
205;13083891000;12063822222;12563822222;10240;10228
258;13083989000;12272155555;12772155555;10240;10228
259;13084006000;12272155555;12772155555;10240;10228
260;13084010000;12272155555;12772155555;10240;10228
206;13084110000;12063822222;12563822222;10240;10228
207;13084116000;12063822222;12563822222;10240;10228
261;13084198000;12272155555;12772155555;10240;10228
208;13084268000;12063833333;12563833333;10240;10228
262;13084434000;12272155555;12772155555;10240;10228
263;13084490000;12272166666;12772166666;10240;10228
264;13084496000;12272444444;12772444444;10240;10228
209;13084500000;12064133333;12564133333;10240;10228
210;13084504000;12064133333;12564133333;10240;10228
211;13084665000;12064133333;12564133333;10240;10228
212;13084682000;12105488888;12605488888;10240;10228
265;13084689000;12272444444;12772444444;10240;10228
266;13084693000;12272444444;12772444444;10240;10228
267;13084958000;12313822222;12813822222;10240;10228
268;13084984000;12313822222;12813822222;10240;10228
269;13085251000;12313822222;12813822222;10240;10228
270;13085266000;12313822222;12813822222;10240;10228
271;13085464000;12313822222;12813822222;10240;10228
272;13085479000;12313822222;12813822222;10240;10228
273;13085734000;12313822222;12813822222;10240;10228
274;13085740000;12313833333;12813833333;10240;10228
213;13109733000;12105488888;12605488888;10240;10228
275;13110074000;12314122222;12814122222;10240;10228
214;13318345000;12105488888;12605488888;10240;10228
215;13318550000;12105488888;12605488888;10240;10228
276;13318662000;12314122222;12814122222;10240;10228
216;13318753000;12105488888;12605488888;10240;10228
217;13318762000;12105488888;12605488888;10240;10228
277;13318956000;12314122222;12814122222;10240;10228
278;13318966000;12355477777;12855477777;10240;10228
218;13318971000;12105488888;12605488888;10240;10228
219;13319188000;12105500000;12605500000;10240;10228
279;13319198000;12355477777;12855477777;10240;10228
280;13319213000;12355477777;12855477777;10240;10228
220;13319394000;12105833333;12605833333;10240;10228
281;13319405000;12355477777;12855477777;10240;10228
282;13319410000;12355477777;12855477777;10240;10228
221;13319537000;12105833333;12605833333;10240;10228
222;13319546000;12105833333;12605833333;10240;10228
283;13319668000;12355477777;12855477777;10240;10228
284;13319688000;12355477777;12855477777;10240;10228
285;13319692000;12355500000;12855500000;10240;10228
223;13319930000;12147166666;12647166666;10240;10228
286;13319950000;12355844444;12855844444;10240;10228
287;13319955000;12355844444;12855844444;10240;10228
224;13320142000;12147166666;12647166666;10240;10228
288;13320163000;12355844444;12855844444;10240;10228
289;13320171000;12397155555;12897155555;10240;10228
225;13320339000;12147166666;12647166666;10240;10228
226;13320348000;12147166666;12647166666;10240;10228
290;13320418000;12397155555;12897155555;10240;10228
291;13320428000;12397155555;12897155555;10240;10228
227;13320495000;12147166666;12647166666;10240;10228
292;13320663000;12397155555;12897155555;10240;10228
293;13320675000;12397155555;12897155555;10240;10228
228;13320681000;12147166666;12647166666;10240;10228
229;13320685000;12147166666;12647166666;10240;10228
230;13320955000;12147177777;12647177777;10240;10228
294;13320966000;12397155555;12897155555;10240;10228
295;13320981000;12397155555;12897155555;10240;10228
296;13320985000;12397166666;12897166666;10240;10228
231;13321157000;12147488888;12647488888;10240;10228
232;13321167000;12147488888;12647488888;10240;10228
297;13321172000;12397433333;12897433333;10240;10228
298;13321176000;12397433333;12897433333;10240;10228
233;13321309000;12147488888;12647488888;10240;10228
299;13321400000;12397433333;12897433333;10240;10228
300;13321412000;12438822222;12938822222;10240;10228
234;13321511000;12188822222;12688822222;10240;10228
301;13321665000;12438822222;12938822222;10240;10228
302;13321687000;12438822222;12938822222;10240;10228
235;13321792000;12188822222;12688822222;10240;10228
236;13321803000;12188822222;12688822222;10240;10228
303;13321954000;12438822222;12938822222;10240;10228
304;13321966000;12438822222;12938822222;10240;10228
237;13321970000;12188822222;12688822222;10240;10228
238;13322154000;12188822222;12688822222;10240;10228
239;13322163000;12188822222;12688822222;10240;10228
305;13322167000;12438822222;12938822222;10240;10228
306;13322172000;12438822222;12938822222;10240;10228
240;13322332000;12188822222;12688822222;10240;10228
307;13322427000;12438833333;12938833333;10240;10228
308;13322438000;12439111111;12939111111;10240;10228
241;13322535000;12188844444;12688844444;10240;10228
242;13322545000;12189133333;12689133333;10240;10228
309;13322687000;12439111111;12939111111;10240;10228
310;13322696000;12439111111;12939111111;10240;10228
311;13322711000;12480477777;12980477777;10240;10228
243;13322821000;12189133333;12689133333;10240;10228
244;13322831000;12189133333;12689133333;10240;10228
312;13322946000;12480477777;12980477777;10240;10228
313;13322959000;12480477777;12980477777;10240;10228
245;13323105000;12230488888;12730488888;10240;10228
314;13323132000;12480477777;12980477777;10240;10228
315;13323150000;12480477777;12980477777;10240;10228
246;13323309000;12230488888;12730488888;10240;10228
316;13323393000;12480477777;12980477777;10240;10228
317;13323404000;12480477777;12980477777;10240;10228
247;13323516000;12230488888;12730488888;10240;10228
318;13323675000;12480500000;12980500000;10240;10228
319;13323699000;12480833333;12980833333;10240;10228
248;13323717000;12230488888;12730488888;10240;10228
320;13323962000;12480833333;12980833333;10240;10228
321;13323979000;12480833333;12980833333;10240;10228
322;13323985000;12522155555;13022155555;10240;10228
249;13323989000;12230488888;12730488888;10240;10228
250;13323993000;12230488888;12730488888;10240;10228
251;13324129000;12230488888;12730488888;10240;10228
252;13324139000;12230500000;12730500000;10240;10228
323;13324144000;12522155555;13022155555;10240;10228
253;13324332000;12230833333;12730833333;10240;10228
324;13324430000;12522155555;13022155555;10240;10228
325;13324440000;12522155555;13022155555;10240;10228
254;13324541000;12230833333;12730833333;10240;10228
326;13324679000;12522155555;13022155555;10240;10228
327;13324702000;12522155555;13022155555;10240;10228
328;13324732000;12522155555;13022155555;10240;10228
255;13324749000;12230833333;12730833333;10240;10228
329;13324935000;12522166666;13022166666;10240;10228
330;13324947000;12522466666;13022466666;10240;10228
256;13324952000;12272155555;12772155555;10240;10228
257;13324957000;12272155555;12772155555;10240;10228
331;13325139000;12522466666;13022466666;10240;10228
332;13325144000;12522466666;13022466666;10240;10228
258;13325367000;12272155555;12772155555;10240;10228
333;13325373000;12563822222;13063822222;10240;10228
334;13325381000;12563822222;13063822222;10240;10228
259;13325569000;12272155555;12772155555;10240;10228
335;13325672000;12563822222;13063822222;10240;10228
336;13325677000;12563822222;13063822222;10240;10228
260;13325833000;12272155555;12772155555;10240;10228
261;13325838000;12272155555;12772155555;10240;10228
337;13325941000;12563822222;13063822222;10240;10228
338;13325969000;12563822222;13063822222;10240;10228
339;13325974000;12563822222;13063822222;10240;10228
262;13325981000;12272155555;12772155555;10240;10228
263;13325985000;12272166666;12772166666;10240;10228
340;13326187000;12563833333;13063833333;10240;10228
341;13326203000;12564111111;13064111111;10240;10228
342;13326399000;12564111111;13064111111;10240;10228
343;13326404000;12564111111;13064111111;10240;10228
265;13326605000;12272444444;12772444444;10240;10228
344;13326701000;12605488888;13105488888;10240;10228
345;13326720000;12605488888;13105488888;10240;10228
346;13326946000;12605488888;13105488888;10240;10228
347;13326966000;12605488888;13105488888;10240;10228
348;13327197000;12605488888;13105488888;10240;10228
349;13327212000;12605488888;13105488888;10240;10228
350;13327395000;12605488888;13105488888;10240;10228
351;13327400000;12605500000;13105500000;10240;10228
352;13327681000;12605800000;13105800000;10240;10228
353;13351140000;12605800000;13105800000;10240;10228
354;13559623000;12605800000;13105800000;10240;10228
355;13559881000;12647155555;13147155555;10240;10228
356;13559894000;12647155555;13147155555;10240;10228
357;13560148000;12647155555;13147155555;10240;10228
358;13560402000;12647155555;13147155555;10240;10228
359;13560412000;12647155555;13147155555;10240;10228
360;13560582000;12647155555;13147155555;10240;10228
361;13560834000;12647155555;13147155555;10240;10228
362;13560845000;12647166666;13147166666;10240;10228
363;13560864000;12647444444;13147444444;10240;10228
364;13561072000;12647444444;13147444444;10240;10228
365;13561092000;12647444444;13147444444;10240;10228
366;13561371000;12688822222;13188822222;10240;10228
367;13561400000;12688822222;13188822222;10240;10228
368;13561617000;12688822222;13188822222;10240;10228
369;13561657000;12688822222;13188822222;10240;10228
370;13561891000;12688822222;13188822222;10240;10228
371;13561904000;12688822222;13188822222;10240;10228
372;13561908000;12688822222;13188822222;10240;10228
373;13562108000;12688833333;13188833333;10240;10228
374;13562120000;12689077777;13189077777;10240;10228
375;13562334000;12689077777;13189077777;10240;10228
376;13562346000;12689077777;13189077777;10240;10228
377;13562557000;12730488888;13230488888;10240;10228
378;13562569000;12730488888;13230488888;10240;10228
379;13562835000;12730488888;13230488888;10240;10228
380;13562871000;12730488888;13230488888;10240;10228
381;13563076000;12730488888;13230488888;10240;10228
382;13563112000;12730488888;13230488888;10240;10228
383;13563349000;12730488888;13230488888;10240;10228
384;13563356000;12730511111;13230511111;10240;10228
385;13563595000;12730822222;13230822222;10240;10228
386;13563603000;12730822222;13230822222;10240;10228
387;13563634000;12730822222;13230822222;10240;10228
388;13563854000;12772144444;13272144444;10240;10228
389;13563860000;12772144444;13272144444;10240;10228
390;13564117000;12772144444;13272144444;10240;10228
391;13564123000;12772144444;13272144444;10240;10228
392;13564334000;12772144444;13272144444;10240;10228
393;13564342000;12772144444;13272144444;10240;10228
394;13564577000;12772144444;13272144444;10240;10228
395;13564592000;12772166666;13272166666;10240;10228
396;13564855000;12772444444;13272444444;10240;10228
397;13564863000;12772444444;13272444444;10240;10228
398;13565213000;12772444444;13272444444;10240;10228
399;13565219000;12813822222;13313822222;10240;10228
400;13565223000;12813822222;13313822222;10240;10228
401;13565327000;12813822222;13313822222;10240;10228
402;13565627000;12813822222;13313822222;10240;10228
403;13565648000;12813822222;13313822222;10240;10228
404;13565654000;12813822222;13313822222;10240;10228
405;13565911000;12813822222;13313822222;10240;10228
406;13565918000;12813833333;13313833333;10240;10228
407;13566122000;12814100000;13314100000;10240;10228
408;13566128000;12814100000;13314100000;10240;10228
409;13566330000;12814100000;13314100000;10240;10228
410;13566336000;12855488888;13355488888;10240;10228
411;13566589000;12855488888;13355488888;10240;10228
412;13566595000;12855488888;13355488888;10240;10228
413;13566897000;12855488888;13355488888;10240;10228
414;13566915000;12855488888;13355488888;10240;10228
415;13566920000;12855488888;13355488888;10240;10228
416;13567165000;12855488888;13355488888;10240;10228
417;13567171000;12855500000;13355500000;10240;10228
418;13567333000;12855811111;13355811111;10240;10228
419;13567340000;12855811111;13355811111;10240;10228
420;13567564000;12855811111;13355811111;10240;10228
421;13567885000;12897155555;13397155555;10240;10228
422;13567911000;12897155555;13397155555;10240;10228
423;13568157000;12897155555;13397155555;10240;10228
424;13568168000;12897155555;13397155555;10240;10228
425;13568361000;12897155555;13397155555;10240;10228
426;13568366000;12897155555;13397155555;10240;10228
427;13568694000;12897155555;13397155555;10240;10228
428;13568721000;12897166666;13397166666;10240;10228
429;13568726000;12897466666;13397466666;10240;10228
430;13568912000;12897466666;13397466666;10240;10228
431;13591629000;12897466666;13397466666;10240;10228
432;13592257000;12938822222;13438822222;10240;10228
433;13800177000;12938822222;13438822222;10240;10228
434;13800707000;12938822222;13438822222;10240;10228
435;13800957000;12938822222;13438822222;10240;10228
436;13801252000;12938822222;13438822222;10240;10228
437;13801283000;12938822222;13438822222;10240;10228
438;13801489000;12938822222;13438822222;10240;10228
439;13801501000;12938833333;13438833333;10240;10228
440;13801702000;12939144444;13439144444;10240;10228
441;13801971000;12939144444;13439144444;10240;10228
442;13801981000;12939144444;13439144444;10240;10228
443;13801986000;12980488888;13480488888;10240;10228
444;13802191000;12980488888;13480488888;10240;10228
445;13802202000;12980488888;13480488888;10240;10228
446;13802442000;12980488888;13480488888;10240;10228
447;13802453000;12980488888;13480488888;10240;10228
448;13802710000;12980488888;13480488888;10240;10228
449;13802716000;12980488888;13480488888;10240;10228
450;13802943000;12980500000;13480500000;10240;10228
451;13802954000;12980788888;13480788888;10240;10228
452;13803221000;12980788888;13480788888;10240;10228
453;13803231000;12980788888;13480788888;10240;10228
454;13803446000;13022155555;13522155555;10240;10228
455;13803455000;13022155555;13522155555;10240;10228
456;13803741000;13022155555;13522155555;10240;10228
457;13803760000;13022155555;13522155555;10240;10228
458;13804011000;13022155555;13522155555;10240;10228
459;13804029000;13022155555;13522155555;10240;10228
460;13804033000;13022155555;13522155555;10240;10228
461;13804253000;13022166666;13522166666;10240;10228
462;13804265000;13022433333;13522433333;10240;10228
463;13804452000;13022433333;13522433333;10240;10228
464;13804463000;13022433333;13522433333;10240;10228
465;13804752000;13063822222;13563822222;10240;10228
466;13804773000;13063822222;13563822222;10240;10228
467;13804987000;13063822222;13563822222;10240;10228
468;13804996000;13063822222;13563822222;10240;10228
469;13805200000;13063822222;13563822222;10240;10228
470;13805209000;13063822222;13563822222;10240;10228
471;13805451000;13063822222;13563822222;10240;10228
472;13805461000;13063833333;13563833333;10240;10228
473;13805702000;13064111111;13564111111;10240;10228
474;13805712000;13064111111;13564111111;10240;10228
475;13805943000;13064111111;13564111111;10240;10228
476;13805961000;13105477777;13605477777;10240;10228
477;13805967000;13105477777;13605477777;10240;10228
478;13806206000;13105477777;13605477777;10240;10228
479;13806446000;13105477777;13605477777;10240;10228
480;13806465000;13105477777;13605477777;10240;10228
481;13806476000;13105477777;13605477777;10240;10228
482;13806761000;13105477777;13605477777;10240;10228
483;13806781000;13105500000;13605500000;10240;10228
484;13807009000;13105833333;13605833333;10240;10228
485;13807019000;13105833333;13605833333;10240;10228
486;13807248000;13105833333;13605833333;10240;10228
487;13807258000;13147155555;13647155555;10240;10228
488;13807487000;13147155555;13647155555;10240;10228
489;13807498000;13147155555;13647155555;10240;10228
490;13807718000;13147155555;13647155555;10240;10228
491;13807729000;13147155555;13647155555;10240;10228
492;13807964000;13147155555;13647155555;10240;10228
493;13807991000;13147155555;13647155555;10240;10228
494;13807996000;13147177777;13647177777;10240;10228
495;13808255000;13147511111;13647511111;10240;10228
496;13808270000;13147511111;13647511111;10240;10228
497;13808480000;13147511111;13647511111;10240;10228
498;13808486000;13188822222;13688822222;10240;10228
499;13808742000;13188822222;13688822222;10240;10228
500;13808759000;13188822222;13688822222;10240;10228
501;13809006000;13188822222;13688822222;10240;10228
502;13809024000;13188822222;13688822222;10240;10228
503;13809255000;13188822222;13688822222;10240;10228
504;13809620000;13188822222;13688822222;10240;10228
505;13809635000;13188844444;13688844444;10240;10228
506;13809899000;13189111111;13689111111;10240;10228
507;13809914000;13189111111;13689111111;10240;10228
508;13810156000;13189111111;13689111111;10240;10228
509;13832695000;13230511111;13730511111;10240;10228
510;13833340000;13230511111;13730511111;10240;10228
511;14041125000;13230511111;13730511111;10240;10228
512;14041146000;13230511111;13730511111;10240;10228
513;14041367000;13230511111;13730511111;10240;10228
514;14041882000;13230511111;13730511111;10240;10228
515;14042286000;13230511111;13730511111;10240;10228
516;14042297000;13230533333;13730533333;10240;10228
517;14042502000;13230855555;13730855555;10240;10228
518;14042512000;13230855555;13730855555;10240;10228
519;14042797000;13230855555;13730855555;10240;10228
520;14042816000;13272155555;13772155555;10240;10228
521;14043050000;13272155555;13772155555;10240;10228
522;14043059000;13272155555;13772155555;10240;10228
523;14043317000;13272155555;13772155555;10240;10228
524;14043327000;13272155555;13772155555;10240;10228
525;14043504000;13272155555;13772155555;10240;10228
526;14043522000;13272155555;13772155555;10240;10228
527;14043783000;13272166666;13772166666;10240;10228
528;14043795000;13272455555;13772455555;10240;10228
529;14043800000;13272455555;13772455555;10240;10228
530;14044090000;13272455555;13772455555;10240;10228
531;14044098000;13313822222;13813822222;10240;10228
532;14044282000;13313822222;13813822222;10240;10228
533;14044291000;13313822222;13813822222;10240;10228
534;14044506000;13313822222;13813822222;10240;10228
535;14044517000;13313822222;13813822222;10240;10228
536;14044797000;13313822222;13813822222;10240;10228
537;14045062000;13313822222;13813822222;10240;10228
538;14045074000;13313833333;13813833333;10240;10228
539;14045284000;13314111111;13814111111;10240;10228
540;14045305000;13314111111;13814111111;10240;10228
541;14045514000;13314111111;13814111111;10240;10228
542;14045525000;13355477777;13855477777;10240;10228
543;14045841000;13355477777;13855477777;10240;10228
544;14045851000;13355477777;13855477777;10240;10228
545;14046075000;13355477777;13855477777;10240;10228
546;14046094000;13355477777;13855477777;10240;10228
547;14046335000;13355477777;13855477777;10240;10228
548;14046345000;13355477777;13855477777;10240;10228
549;14046349000;13355488888;13855488888;10240;10228
550;14046486000;13355833333;13855833333;10240;10228
551;14046792000;13355833333;13855833333;10240;10228
552;14046805000;13355833333;13855833333;10240;10228
553;14046819000;13397155555;13897155555;10240;10228
554;14047046000;13397155555;13897155555;10240;10228
555;14047057000;13397155555;13897155555;10240;10228
556;14047293000;13397155555;13897155555;10240;10228
557;14047303000;13397155555;13897155555;10240;10228
558;14047514000;13397155555;13897155555;10240;10228
559;14047524000;13397155555;13897155555;10240;10228
560;14047756000;13397166666;13897166666;10240;10228
561;14047773000;13397444444;13897444444;10240;10228
562;14048048000;13397444444;13897444444;10240;10228
563;14048053000;13397444444;13897444444;10240;10228
564;14048253000;13438822222;13938822222;10240;10228
565;14048522000;13438822222;13938822222;10240;10228
566;14048537000;13438822222;13938822222;10240;10228
567;14048540000;13438822222;13938822222;10240;10228
568;14048785000;13438822222;13938822222;10240;10228
569;14048791000;13438822222;13938822222;10240;10228
570;14049037000;13438822222;13938822222;10240;10228
571;14049043000;13438833333;13938833333;10240;10228
572;14049257000;13439177777;13939177777;10240;10228
573;14049263000;13439177777;13939177777;10240;10228
574;14049508000;13439177777;13939177777;10240;10228
575;14049518000;13480488888;13980488888;10240;10228
576;14049801000;13480488888;13980488888;10240;10228
577;14049807000;13480488888;13980488888;10240;10228
578;14050062000;13480488888;13980488888;10240;10228
579;14050079000;13480488888;13980488888;10240;10228
580;14050083000;13480488888;13980488888;10240;10228
581;14050259000;13480488888;13980488888;10240;10228
582;14050264000;13480500000;13980500000;10240;10228
583;14050526000;13480833333;13980833333;10240;10228
584;14050946000;13480833333;13980833333;10240;10228
585;14050951000;13480833333;13980833333;10240;10228
586;14051207000;13522144444;14022144444;10240;10228
587;14051221000;13522144444;14022144444;10240;10228
588;14073210000;13522144444;14022144444;10240;10228
589;14073811000;13522144444;14022144444;10240;10228
590;14281660000;13522144444;14022144444;10240;10228
591;14282248000;13522144444;14022144444;10240;10228
592;14282270000;13522144444;14022144444;10240;10228
593;14282761000;13522166666;14022166666;10240;10228
594;14283013000;13522444444;14022444444;10240;10228
595;14283407000;13522444444;14022444444;10240;10228
596;14283415000;13522444444;14022444444;10240;10228
597;14283593000;13563788888;14063788888;10240;10228
598;14283853000;13563788888;14063788888;10240;10228
599;14283874000;13563788888;14063788888;10240;10228
600;14284124000;13563788888;14063788888;10240;10228
601;14284145000;13563788888;14063788888;10240;10228
602;14284344000;13563788888;14063788888;10240;10228
603;14284355000;13563788888;14063788888;10240;10228
604;14284595000;13563833333;14063833333;10240;10228
605;14284626000;13564155555;14064155555;10240;10228
606;14284882000;13564155555;14064155555;10240;10228
607;14284902000;13564155555;14064155555;10240;10228
608;14285120000;13605488888;14105488888;10240;10228
609;14285141000;13605488888;14105488888;10240;10228
610;14285147000;13605488888;14105488888;10240;10228
611;14285347000;13605488888;14105488888;10240;10228
612;14285610000;13605488888;14105488888;10240;10228
613;14285629000;13605488888;14105488888;10240;10228
614;14285889000;13605488888;14105488888;10240;10228
615;14285908000;13605500000;14105500000;10240;10228
616;14285912000;13605811111;14105811111;10240;10228
617;14286134000;13605811111;14105811111;10240;10228
618;14286145000;13605811111;14105811111;10240;10228
619;14286350000;13647155555;14147155555;10240;10228
620;14286359000;13647155555;14147155555;10240;10228
621;14286609000;13647155555;14147155555;10240;10228
622;14286854000;13647155555;14147155555;10240;10228
623;14286873000;13647155555;14147155555;10240;10228
624;14287102000;13647155555;14147155555;10240;10228
625;14287176000;13647155555;14147155555;10240;10228
626;14287350000;13647166666;14147166666;10240;10228
627;14287364000;13647455555;14147455555;10240;10228
628;14287613000;13647455555;14147455555;10240;10228
629;14287623000;13647455555;14147455555;10240;10228
630;14287883000;13688833333;14188833333;10240;10228
631;14287903000;13688833333;14188833333;10240;10228
632;14288145000;13688833333;14188833333;10240;10228
633;14288155000;13688833333;14188833333;10240;10228
634;14288160000;13688833333;14188833333;10240;10228
635;14288352000;13688833333;14188833333;10240;10228
636;14288637000;13688833333;14188833333;10240;10228
637;14288647000;13688855555;14188855555;10240;10228
638;14288652000;13689133333;14189133333;10240;10228
639;14288921000;13689133333;14189133333;10240;10228
640;14288942000;13689133333;14189133333;10240;10228
641;14289108000;13730488888;14230488888;10240;10228
642;14289190000;13730488888;14230488888;10240;10228
643;14289362000;13730488888;14230488888;10240;10228
644;14289382000;13730488888;14230488888;10240;10228
645;14289645000;13730488888;14230488888;10240;10228
646;14289875000;13730488888;14230488888;10240;10228
647;14289881000;13730488888;14230488888;10240;10228
648;14289885000;13730500000;14230500000;10240;10228
649;14290122000;13730800000;14230800000;10240;10228
650;14290127000;13730800000;14230800000;10240;10228
651;14290366000;13730800000;14230800000;10240;10228
652;14290381000;13772144444;14272144444;10240;10228
653;14290604000;13772144444;14272144444;10240;10228
654;14290608000;13772144444;14272144444;10240;10228
655;14290876000;13772144444;14272144444;10240;10228
656;14290884000;13772144444;14272144444;10240;10228
657;14291148000;13772144444;14272144444;10240;10228
658;14291164000;13772144444;14272144444;10240;10228
659;14291404000;13772166666;14272166666;10240;10228
660;14291421000;13772455555;14272455555;10240;10228
661;14291619000;13772455555;14272455555;10240;10228
662;14291626000;13772455555;14272455555;10240;10228
663;14291904000;13813811111;14313811111;10240;10228
664;14291924000;13813811111;14313811111;10240;10228
665;14292217000;13813811111;14313811111;10240;10228
666;14314277000;13813811111;14313811111;10240;10228
667;14314546000;13813811111;14313811111;10240;10228
668;14314855000;13813811111;14313811111;10240;10228
669;14315125000;13813811111;14313811111;10240;10228
670;14522701000;13813822222;14313822222;10240;10228
671;14523312000;13814111111;14314111111;10240;10228
672;14523865000;13814111111;14314111111;10240;10228
673;14523877000;13814111111;14314111111;10240;10228
674;14524150000;13855477777;14355477777;10240;10228
675;14524380000;13855477777;14355477777;10240;10228
676;14524390000;13855477777;14355477777;10240;10228
677;14524605000;13855477777;14355477777;10240;10228
678;14524878000;13855477777;14355477777;10240;10228
679;14524890000;13855477777;14355477777;10240;10228
680;14525156000;13855477777;14355477777;10240;10228
681;14525167000;13855488888;14355488888;10240;10228
682;14525405000;13855811111;14355811111;10240;10228
683;14525416000;13855811111;14355811111;10240;10228
684;14525598000;13855811111;14355811111;10240;10228
685;14525905000;13897155555;14397155555;10240;10228
686;14525917000;13897155555;14397155555;10240;10228
687;14526158000;13897155555;14397155555;10240;10228
688;14526179000;13897155555;14397155555;10240;10228
689;14526408000;13897155555;14397155555;10240;10228
690;14526420000;13897155555;14397155555;10240;10228
691;14526595000;13897155555;14397155555;10240;10228
692;14526606000;13897166666;14397166666;10240;10228
693;14526924000;13897466666;14397466666;10240;10228
694;14526945000;13897466666;14397466666;10240;10228
695;14527125000;13897466666;14397466666;10240;10228
696;14527146000;13938822222;14438822222;10240;10228
697;14527357000;13938822222;14438822222;10240;10228
698;14527367000;13938822222;14438822222;10240;10228
699;14527606000;13938822222;14438822222;10240;10228
700;14527625000;13938822222;14438822222;10240;10228
701;14527912000;13938822222;14438822222;10240;10228
702;14527922000;13938822222;14438822222;10240;10228
703;14527927000;13938833333;14438833333;10240;10228
704;14528133000;13939122222;14439122222;10240;10228
705;14528370000;13939122222;14439122222;10240;10228
706;14528381000;13939122222;14439122222;10240;10228
707;14528637000;13980488888;14480488888;10240;10228
708;14528657000;13980488888;14480488888;10240;10228
709;14528893000;13980488888;14480488888;10240;10228
710;14528905000;13980488888;14480488888;10240;10228
711;14529134000;13980488888;14480488888;10240;10228
712;14529143000;13980488888;14480488888;10240;10228
713;14529335000;13980488888;14480488888;10240;10228
714;14529355000;13980500000;14480500000;10240;10228
715;14529361000;13980788888;14480788888;10240;10228
716;14529715000;13980788888;14480788888;10240;10228
717;14529981000;13980788888;14480788888;10240;10228
718;14530006000;14022155555;14522155555;10240;10228
719;14530212000;14022155555;14522155555;10240;10228
720;14530222000;14022155555;14522155555;10240;10228
721;14530422000;14022155555;14522155555;10240;10228
722;14530433000;14022155555;14522155555;10240;10228
723;14530710000;14022155555;14522155555;10240;10228
724;14530729000;14022155555;14522155555;10240;10228
725;14530987000;14022166666;14522166666;10240;10228
726;14531006000;14022444444;14522444444;10240;10228
727;14531231000;14022444444;14522444444;10240;10228
728;14531240000;14022444444;14522444444;10240;10228
729;14531424000;14063811111;14563811111;10240;10228
730;14531434000;14063811111;14563811111;10240;10228
731;14531714000;14063811111;14563811111;10240;10228
732;14531734000;14063811111;14563811111;10240;10228
733;14531992000;14063811111;14563811111;10240;10228
734;14532012000;14063811111;14563811111;10240;10228
735;14532201000;14063811111;14563811111;10240;10228
736;14532207000;14063822222;14563822222;10240;10228
737;14532416000;14064111111;14564111111;10240;10228
738;14532426000;14064111111;14564111111;10240;10228
739;14532719000;14064111111;14564111111;10240;10228
740;14532738000;14105488888;14605488888;10240;10228
741;14532970000;14105488888;14605488888;10240;10228
742;14532989000;14105488888;14605488888;10240;10228
743;14533220000;14105488888;14605488888;10240;10228
744;14533235000;14105488888;14605488888;10240;10228
745;14554788000;14105488888;14605488888;10240;10228
746;14555657000;14105488888;14605488888;10240;10228
747;14555873000;14105500000;14605500000;10240;10228
748;14556211000;14105833333;14605833333;10240;10228
749;14763541000;14105833333;14605833333;10240;10228
750;14763816000;14105833333;14605833333;10240;10228
751;14764422000;14147155555;14647155555;10240;10228
752;14764708000;14147155555;14647155555;10240;10228
753;14765197000;14147155555;14647155555;10240;10228
754;14765215000;14147155555;14647155555;10240;10228
755;14765459000;14147155555;14647155555;10240;10228
756;14765468000;14147155555;14647155555;10240;10228
757;14765707000;14147155555;14647155555;10240;10228
758;14765717000;14147166666;14647166666;10240;10228
759;14766046000;14147466666;14647466666;10240;10228
760;14766310000;14147466666;14647466666;10240;10228
761;14766319000;14147466666;14647466666;10240;10228
762;14766532000;14188822222;14688822222;10240;10228
763;14766550000;14188822222;14688822222;10240;10228
764;14766792000;14188822222;14688822222;10240;10228
765;14767082000;14188822222;14688822222;10240;10228
766;14767243000;14188822222;14688822222;10240;10228
767;14767264000;14188822222;14688822222;10240;10228
768;14767531000;14188822222;14688822222;10240;10228
769;14767541000;14188844444;14688844444;10240;10228
770;14767779000;14189111111;14689111111;10240;10228
771;14767799000;14189111111;14689111111;10240;10228
772;14768026000;14189111111;14689111111;10240;10228
773;14768033000;14230488888;14730488888;10240;10228
774;14768037000;14230488888;14730488888;10240;10228
775;14768246000;14230488888;14730488888;10240;10228
776;14768513000;14230488888;14730488888;10240;10228
777;14768530000;14230488888;14730488888;10240;10228
778;14768534000;14230488888;14730488888;10240;10228
779;14768778000;14230488888;14730488888;10240;10228
780;14768783000;14230500000;14730500000;10240;10228
781;14769076000;14230811111;14730811111;10240;10228
782;14769107000;14230811111;14730811111;10240;10228
783;14769256000;14230811111;14730811111;10240;10228
784;14769263000;14272144444;14772144444;10240;10228
785;14769500000;14272144444;14772144444;10240;10228
786;14769505000;14272144444;14772144444;10240;10228
787;14769782000;14272144444;14772144444;10240;10228
788;14769787000;14272144444;14772144444;10240;10228
789;14769791000;14272144444;14772144444;10240;10228
790;14770053000;14272144444;14772144444;10240;10228
791;14770057000;14272166666;14772166666;10240;10228
792;14770323000;14272455555;14772455555;10240;10228
793;14770572000;14272455555;14772455555;10240;10228
794;14770577000;14272455555;14772455555;10240;10228
795;14770875000;14313811111;14813811111;10240;10228
796;14770891000;14313811111;14813811111;10240;10228
797;14771115000;14313811111;14813811111;10240;10228
798;14771120000;14313811111;14813811111;10240;10228
799;14771379000;14313811111;14813811111;10240;10228
800;14771394000;14313811111;14813811111;10240;10228
801;14771577000;14313811111;14813811111;10240;10228
802;14771588000;14313822222;14813822222;10240;10228
803;14771935000;14314144444;14814144444;10240;10228
804;14771940000;14314144444;14814144444;10240;10228
805;14772173000;14314144444;14814144444;10240;10228
806;14772179000;14355477777;14855477777;10240;10228
807;14772401000;14355477777;14855477777;10240;10228
808;14772416000;14355477777;14855477777;10240;10228
809;14772670000;14355477777;14855477777;10240;10228
810;14772675000;14355477777;14855477777;10240;10228
811;14772987000;14355477777;14855477777;10240;10228
812;14772992000;14355477777;14855477777;10240;10228
813;14773243000;14355500000;14855500000;10240;10228
814;14773249000;14355844444;14855844444;10240;10228
815;14773467000;14355844444;14855844444;10240;10228
816;14773483000;14355844444;14855844444;10240;10228
817;14773736000;14397144444;14897144444;10240;10228
818;14773758000;14397144444;14897144444;10240;10228
819;14774035000;14397144444;14897144444;10240;10228
820;14774058000;14397144444;14897144444;10240;10228
821;14774304000;14397144444;14897144444;10240;10228
822;14774315000;14397144444;14897144444;10240;10228
823;14795915000;14397144444;14897144444;10240;10228
824;14795926000;14397155555;14897155555;10240;10228
825;14796747000;14397466666;14897466666;10240;10228
826;14796756000;14397466666;14897466666;10240;10228
827;14797255000;14397466666;14897466666;10240;10228
828;15004730000;14438822222;14938822222;10240;10228
829;15004747000;14438822222;14938822222;10240;10228
830;15005167000;14438822222;14938822222;10240;10228
831;15005770000;14438822222;14938822222;10240;10228
832;15005780000;14438822222;14938822222;10240;10228
833;15006286000;14438822222;14938822222;10240;10228
834;15006559000;14438822222;14938822222;10240;10228
835;15006570000;14438844444;14938844444;10240;10228
836;15006813000;14439122222;14939122222;10240;10228
837;15006834000;14439122222;14939122222;10240;10228
838;15007112000;14439122222;14939122222;10240;10228
839;15007121000;14480488888;14980488888;10240;10228
840;15007348000;14480488888;14980488888;10240;10228
841;15007358000;14480488888;14980488888;10240;10228
842;15007534000;14480488888;14980488888;10240;10228
843;15007842000;14480488888;14980488888;10240;10228
844;15007864000;14480488888;14980488888;10240;10228
845;15008129000;14480488888;14980488888;10240;10228
846;15008341000;14480500000;14980500000;10240;10228
847;15008352000;14480811111;14980811111;10240;10228
848;15008536000;14480811111;14980811111;10240;10228
849;15008547000;14480811111;14980811111;10240;10228
850;15008842000;14522177777;15022177777;10240;10228
851;15009114000;14522177777;15022177777;10240;10228
852;15009123000;14522177777;15022177777;10240;10228
853;15009354000;14522177777;15022177777;10240;10228
854;15009364000;14522177777;15022177777;10240;10228
855;15009369000;14522177777;15022177777;10240;10228
856;15009543000;14522177777;15022177777;10240;10228
857;15009846000;14522200000;15022200000;10240;10228
858;15009856000;14522511111;15022511111;10240;10228
859;15010057000;14522511111;15022511111;10240;10228
860;15010069000;14522511111;15022511111;10240;10228
861;15010303000;14563822222;15063822222;10240;10228
862;15010314000;14563822222;15063822222;10240;10228
863;15010553000;14563822222;15063822222;10240;10228
864;15010564000;14563822222;15063822222;10240;10228
865;15010793000;14563822222;15063822222;10240;10228
866;15010814000;14563822222;15063822222;10240;10228
867;15011045000;14563822222;15063822222;10240;10228
868;15011067000;14563833333;15063833333;10240;10228
869;15011318000;14564133333;15064133333;10240;10228
870;15011330000;14564133333;15064133333;10240;10228
871;15011520000;14564133333;15064133333;10240;10228
872;15011534000;14605477777;15105477777;10240;10228
873;15011824000;14605477777;15105477777;10240;10228
874;15011835000;14605477777;15105477777;10240;10228
875;15011849000;14605477777;15105477777;10240;10228
876;15012150000;14605477777;15105477777;10240;10228
877;15012163000;14605477777;15105477777;10240;10228
878;15012367000;14605477777;15105477777;10240;10228
879;15012379000;14605500000;15105500000;10240;10228
880;15012640000;14605811111;15105811111;10240;10228
881;15012666000;14605811111;15105811111;10240;10228
882;15012864000;14605811111;15105811111;10240;10228
883;15012877000;14647155555;15147155555;10240;10228
884;15013203000;14647155555;15147155555;10240;10228
885;15013422000;14647155555;15147155555;10240;10228
886;15013711000;14647155555;15147155555;10240;10228
887;15013722000;14647155555;15147155555;10240;10228
888;15013728000;14647155555;15147155555;10240;10228
889;15013989000;14647155555;15147155555;10240;10228
890;15013999000;14647177777;15147177777;10240;10228
891;15014201000;14647511111;15147511111;10240;10228
892;15014213000;14647511111;15147511111;10240;10228
893;15014452000;14647511111;15147511111;10240;10228
894;15014463000;14688822222;15188822222;10240;10228
895;15014711000;14688822222;15188822222;10240;10228
896;15014733000;14688822222;15188822222;10240;10228
897;15014990000;14688822222;15188822222;10240;10228
898;15015227000;14688822222;15188822222;10240;10228
899;15015239000;14688822222;15188822222;10240;10228
900;15015436000;14688822222;15188822222;10240;10228
901;15036330000;14688833333;15188833333;10240;10228
902;15036664000;14689100000;15189100000;10240;10228
903;15036984000;14689100000;15189100000;10240;10228
904;15037833000;14689100000;15189100000;10240;10228
905;15037852000;14730488888;15230488888;10240;10228
906;15038338000;14730488888;15230488888;10240;10228
907;15245874000;14730488888;15230488888;10240;10228
908;15246144000;14730488888;15230488888;10240;10228
909;15246158000;14730488888;15230488888;10240;10228
910;15246393000;14730488888;15230488888;10240;10228
911;15246852000;14730488888;15230488888;10240;10228
912;15246860000;14730500000;15230500000;10240;10228
913;15247327000;14730811111;15230811111;10240;10228
914;15247542000;14730811111;15230811111;10240;10228
915;15247869000;14730811111;15230811111;10240;10228
916;15248137000;14772144444;15272144444;10240;10228
917;15248147000;14772144444;15272144444;10240;10228
918;15248349000;14772144444;15272144444;10240;10228
919;15248648000;14772144444;15272144444;10240;10228
920;15248692000;14772144444;15272144444;10240;10228
921;15248696000;14772144444;15272144444;10240;10228
922;15248917000;14772144444;15272144444;10240;10228
923;15248936000;14772155555;15272155555;10240;10228
924;15249177000;14772477777;15272477777;10240;10228
925;15249416000;14772477777;15272477777;10240;10228
926;15249426000;14772477777;15272477777;10240;10228
927;15249431000;14813811111;15313811111;10240;10228
928;15249594000;14813811111;15313811111;10240;10228
929;15249615000;14813811111;15313811111;10240;10228
930;15250138000;14813811111;15313811111;10240;10228
931;15250467000;14813811111;15313811111;10240;10228
932;15250476000;14813811111;15313811111;10240;10228
933;15250480000;14813811111;15313811111;10240;10228
934;15250656000;14813822222;15313822222;10240;10228
935;15250678000;14814122222;15314122222;10240;10228
936;15250939000;14814122222;15314122222;10240;10228
937;15250958000;14814122222;15314122222;10240;10228
938;15251155000;14855477777;15355477777;10240;10228
939;15251167000;14855477777;15355477777;10240;10228
940;15251391000;14855477777;15355477777;10240;10228
941;15251402000;14855477777;15355477777;10240;10228
942;15251648000;14855477777;15355477777;10240;10228
943;15251667000;14855477777;15355477777;10240;10228
944;15251921000;14855477777;15355477777;10240;10228
945;15251930000;14855488888;15355488888;10240;10228
946;15251935000;14855833333;15355833333;10240;10228
947;15252169000;14855833333;15355833333;10240;10228
948;15252367000;14855833333;15355833333;10240;10228
949;15252375000;14897155555;15397155555;10240;10228
950;15252683000;14897155555;15397155555;10240;10228
951;15252691000;14897155555;15397155555;10240;10228
952;15252919000;14897155555;15397155555;10240;10228
953;15252940000;14897155555;15397155555;10240;10228
954;15253133000;14897155555;15397155555;10240;10228
955;15253152000;14897155555;15397155555;10240;10228
956;15253390000;14897177777;15397177777;10240;10228
957;15253402000;14897466666;15397466666;10240;10228
958;15253713000;14897466666;15397466666;10240;10228
959;15253730000;14897466666;15397466666;10240;10228
960;15253734000;14938822222;15438822222;10240;10228
961;15253936000;14938822222;15438822222;10240;10228
962;15253955000;14938822222;15438822222;10240;10228
963;15254204000;14938822222;15438822222;10240;10228
964;15254209000;14938822222;15438822222;10240;10228
965;15254384000;14938822222;15438822222;10240;10228
966;15254689000;14938822222;15438822222;10240;10228
967;15254695000;14938833333;15438833333;10240;10228
968;15254700000;14939133333;15439133333;10240;10228
969;15254983000;14939133333;15439133333;10240;10228
970;15255252000;14939133333;15439133333;10240;10228
971;15255267000;14980477777;15480477777;10240;10228
972;15255483000;14980477777;15480477777;10240;10228
973;15255792000;14980477777;15480477777;10240;10228
974;15255798000;14980477777;15480477777;10240;10228
975;15256041000;14980477777;15480477777;10240;10228
976;15256046000;14980477777;15480477777;10240;10228
977;15256280000;14980477777;15480477777;10240;10228
978;15256295000;14980500000;15480500000;10240;10228
979;15276986000;14980800000;15480800000;10240;10228
980;15277402000;14980800000;15480800000;10240;10228
981;15277741000;14980800000;15480800000;10240;10228
982;15277751000;15022144444;15522144444;10240;10228
983;15278955000;15022144444;15522144444;10240;10228
984;15278964000;15022144444;15522144444;10240;10228
985;15279460000;15022144444;15522144444;10240;10228
